time,open,high,low,close,buy_money,sell_money,money
2017-01-01 00:00:00,968.49,1009.87,960.9,1001.15,10275189.0,10017165.0,258024.0
2017-01-02 00:00:00,1001.15,1035.0,996.54,1022.76,17626674.0,19386547.0,-1759873.0
2017-01-03 00:00:00,1022.59,1040.66,1003.0,1036.9,11128493.0,10394111.0,734382.0
2017-01-04 00:00:00,1037.29,1177.9,1036.49,1152.0,30946778.0,28998490.0,1948288.0
2017-01-05 00:00:00,1154.06,1180.45,876.08,1005.33,41737538.0,51518501.0,-9780963.0
2017-01-06 00:00:00,1005.17,1029.24,841.75,895.85,25265587.0,29365932.0,-4100345.0
2017-01-07 00:00:00,895.9,912.72,805.03,908.22,17003034.0,17469306.0,-466272.0
2017-01-08 00:00:00,907.35,939.33,877.58,909.25,12333109.0,12799545.0,-466436.0
2017-01-09 00:00:00,908.82,911.04,860.21,895.46,8189483.0,8935708.0,-746225.0
2017-01-10 00:00:00,897.0,916.99,893.38,904.0,5612255.0,5142165.0,470090.0
2017-01-11 00:00:00,904.14,918.9,725.44,764.2,18812283.0,21842448.0,-3030165.0
2017-01-12 00:00:00,764.24,819.87,724.0,789.37,10976644.0,10981752.0,-5108.0
2017-01-13 00:00:00,791.87,831.11,752.91,822.3,8992161.0,7693623.0,1298538.0
2017-01-14 00:00:00,822.36,836.1,796.07,808.9,5759281.0,6614749.0,-855468.0
2017-01-15 00:00:00,808.9,819.0,800.86,816.54,4120425.0,3786649.0,333776.0
2017-01-16 00:00:00,816.54,834.99,811.56,824.03,4688369.0,4898391.0,-210022.0
2017-01-17 00:00:00,824.0,912.63,822.98,903.71,11607720.0,9684419.0,1923301.0
2017-01-18 00:00:00,904.52,915.0,830.0,880.0,9392443.0,11471659.0,-2079216.0
2017-01-19 00:00:00,880.05,905.6,874.16,893.0,6950581.0,6375700.0,574881.0
2017-01-20 00:00:00,893.89,897.46,877.1,890.59,4499600.0,4521436.0,-21836.0
2017-01-21 00:00:00,890.86,928.0,888.05,917.4,5403735.0,5441693.0,-37958.0
2017-01-22 00:00:00,917.36,935.56,878.55,921.54,8312390.0,9366761.0,-1054371.0
2017-01-23 00:00:00,921.91,928.0,905.63,910.22,4681330.0,4837683.0,-156353.0
2017-01-24 00:00:00,910.22,927.54,878.47,883.18,7884252.0,9292329.0,-1408077.0
2017-01-25 00:00:00,883.06,903.06,882.5,894.19,4556074.0,3728387.0,827687.0
2017-01-26 00:00:00,894.17,918.04,892.24,913.26,3823070.0,3045124.0,777946.0
2017-01-27 00:00:00,913.5,921.3,904.0,915.7,6309434.0,5654287.0,655147.0
2017-01-28 00:00:00,916.24,921.0,915.19,917.9,1374866.0,1451541.0,-76675.0
2017-01-29 00:00:00,917.9,920.02,911.04,912.71,1040103.0,1652179.0,-612076.0
2017-01-30 00:00:00,912.72,920.3,910.01,916.26,1439374.0,1530045.0,-90671.0
2017-01-31 00:00:00,916.36,973.95,916.36,969.15,8753543.0,5476990.0,3276553.0
2017-02-01 00:00:00,969.14,989.0,960.92,985.3,4543014.0,4773691.0,-230677.0
2017-02-02 00:00:00,985.3,1014.84,968.89,1008.0,10063195.0,8741717.0,1321478.0
2017-02-03 00:00:00,1008.0,1027.01,985.75,1017.73,11233269.0,11085256.0,148013.0
2017-02-04 00:00:00,1017.98,1046.67,1003.0,1035.09,12316315.0,12224702.0,91613.0
2017-02-05 00:00:00,1035.82,1037.38,1005.43,1014.83,9580320.0,10732203.0,-1151883.0
2017-02-06 00:00:00,1014.77,1033.0,1012.75,1025.0,3713436.0,3498179.0,215257.0
2017-02-07 00:00:00,1024.99,1057.52,1024.72,1054.37,8544916.0,6725332.0,1819584.0
2017-02-08 00:00:00,1054.1,1072.78,994.8,1052.62,17764207.0,18073917.0,-309710.0
2017-02-09 00:00:00,1052.59,1081.05,927.72,984.02,28126157.0,30806654.0,-2680497.0
2017-02-10 00:00:00,984.34,1003.0,934.5,988.11,15252075.0,14901921.0,350154.0
2017-02-11 00:00:00,988.12,1010.95,978.01,1003.0,7523431.0,7785483.0,-262052.0
2017-02-12 00:00:00,1003.01,1006.53,992.23,995.09,3271587.0,3581092.0,-309505.0
2017-02-13 00:00:00,995.01,1002.97,956.13,990.95,7944035.0,7761604.0,182431.0
2017-02-14 00:00:00,990.96,1021.79,975.0,1008.5,9108447.0,7583446.0,1525001.0
2017-02-15 00:00:00,1008.1,1012.0,994.01,1006.7,3042941.0,2797519.0,245422.0
2017-02-16 00:00:00,1006.7,1044.48,1006.51,1035.65,8695614.0,7928427.0,767187.0
2017-02-17 00:00:00,1035.2,1057.5,1026.3,1050.1,11236923.0,10485439.0,751484.0
2017-02-18 00:00:00,1050.01,1067.86,1022.05,1056.02,9456446.0,9842234.0,-385788.0
2017-02-19 00:00:00,1056.01,1058.16,1037.59,1050.44,5521157.0,6587573.0,-1066416.0
2017-02-20 00:00:00,1050.42,1094.7,1042.0,1085.07,9137238.0,7371977.0,1765261.0
2017-02-21 00:00:00,1085.11,1127.8,1068.21,1123.18,20971693.0,20771357.0,200336.0
2017-02-22 00:00:00,1122.54,1128.9,1100.0,1114.27,15818044.0,16036336.0,-218292.0
2017-02-23 00:00:00,1114.7,1193.23,1110.39,1183.55,26140324.0,20482110.0,5658214.0
2017-02-24 00:00:00,1184.85,1220.16,1030.0,1172.42,37240010.0,40554199.0,-3314189.0
2017-02-25 00:00:00,1172.01,1183.33,1125.0,1151.03,13440722.0,14509175.0,-1068453.0
2017-02-26 00:00:00,1150.4,1185.01,1130.58,1177.0,10955323.0,10217317.0,738006.0
2017-02-27 00:00:00,1177.3,1197.99,1165.95,1194.87,10732121.0,11071765.0,-339644.0
2017-02-28 00:00:00,1194.48,1212.66,1152.27,1187.31,14859450.0,16525406.0,-1665956.0
2017-03-01 00:00:00,1187.35,1234.19,1182.4,1234.19,13130951.0,11938064.0,1192887.0
2017-03-02 00:00:00,1233.8,1279.0,1200.0,1257.65,20310861.0,21107781.0,-796920.0
2017-03-03 00:00:00,1257.52,1297.0,1256.3,1291.0,19947081.0,19484050.0,463031.0
2017-03-04 00:00:00,1291.08,1292.76,1235.01,1266.54,16251702.0,19788966.0,-3537264.0
2017-03-05 00:00:00,1266.35,1278.52,1238.01,1277.81,10090429.0,9737199.0,353230.0
2017-03-06 00:00:00,1278.06,1284.9,1263.0,1279.79,10588293.0,10224431.0,363862.0
2017-03-07 00:00:00,1279.79,1281.0,1166.0,1231.99,25775823.0,29544044.0,-3768221.0
2017-03-08 00:00:00,1232.8,1239.97,1143.44,1151.59,39436132.0,43020497.0,-3584365.0
2017-03-09 00:00:00,1151.63,1206.0,1135.0,1189.87,24561008.0,23142129.0,1418879.0
2017-03-10 00:00:00,1190.29,1337.58,966.0,1119.08,50211075.0,55223186.0,-5012111.0
2017-03-11 00:00:00,1119.93,1200.47,1107.88,1181.68,17019245.0,16151142.0,868103.0
2017-03-12 00:00:00,1181.55,1236.88,1175.38,1227.04,13188067.0,10962804.0,2225263.0
2017-03-13 00:00:00,1227.03,1249.27,1212.76,1243.26,12699196.0,12025296.0,673900.0
2017-03-14 00:00:00,1243.25,1263.35,1225.45,1246.62,9002476.0,8943742.0,58734.0
2017-03-15 00:00:00,1246.75,1264.84,1242.51,1260.28,7629865.0,6732607.0,897258.0
2017-03-16 00:00:00,1260.27,1260.27,1134.54,1174.0,23928997.0,27309299.0,-3380302.0
2017-03-17 00:00:00,1173.45,1173.51,1065.0,1068.98,42391540.0,46697450.0,-4305910.0
2017-03-18 00:00:00,1068.98,1099.64,936.0,970.0,58702666.0,61741329.0,-3038663.0
2017-03-19 00:00:00,970.0,1066.33,969.78,1018.82,23484536.0,19426011.0,4058525.0
2017-03-20 00:00:00,1018.37,1053.95,1014.74,1037.99,11166860.0,11770938.0,-604078.0
2017-03-21 00:00:00,1038.0,1120.0,1037.99,1111.78,19379940.0,19273906.0,106034.0
2017-03-22 00:00:00,1112.45,1112.82,989.0,1036.31,32842726.0,32070399.0,772327.0
2017-03-23 00:00:00,1037.38,1052.62,1015.43,1031.01,9790890.0,10317376.0,-526486.0
2017-03-24 00:00:00,1030.02,1032.94,921.2,936.0,31998797.0,32953001.0,-954204.0
2017-03-25 00:00:00,935.69,971.98,889.88,965.08,31808637.0,29505787.0,2302850.0
2017-03-26 00:00:00,965.09,1005.07,944.24,964.71,23294573.0,23814228.0,-519655.0
2017-03-27 00:00:00,964.94,1042.96,956.76,1038.84,16957613.0,16216206.0,741407.0
2017-03-28 00:00:00,1038.84,1065.98,1017.72,1042.37,14370997.0,15107073.0,-736076.0
2017-03-29 00:00:00,1042.37,1061.98,1008.02,1041.31,17250173.0,16655249.0,594924.0
2017-03-30 00:00:00,1041.2,1055.46,1019.8,1034.35,7714362.0,7598877.0,115485.0
2017-03-31 00:00:00,1034.35,1095.8,1034.35,1079.9,17120526.0,13852754.0,3267772.0
2017-04-01 00:00:00,1079.8,1104.7,1065.0,1090.7,10123231.0,9153924.0,969307.0
2017-04-02 00:00:00,1090.6,1111.1,1075.9,1098.6,8229779.0,8452453.0,-222674.0
2017-04-03 00:00:00,1098.6,1155.4,1098.5,1145.7,16316893.0,15196142.0,1120751.0
2017-04-04 00:00:00,1145.6,1160.9,1122.2,1142.9,10273247.0,10714164.0,-440917.0
2017-04-05 00:00:00,1142.9,1145.0,1107.0,1135.0,9666331.0,9716607.0,-50276.0
2017-04-06 00:00:00,1134.9,1201.6,1134.3,1188.1,15416341.0,12769988.0,2646353.0
2017-04-07 00:00:00,1188.0,1204.9,1173.2,1191.9,12315368.0,12564283.0,-248915.0
2017-04-08 00:00:00,1191.8,1198.5,1167.4,1183.8,7194064.0,7865195.0,-671131.0
2017-04-09 00:00:00,1183.9,1227.1,1176.9,1211.2,10573476.0,8158606.0,2414870.0
2017-04-10 00:00:00,1211.3,1224.1,1201.1,1213.6,7284413.0,8774506.0,-1490093.0
2017-04-11 00:00:00,1213.6,1238.5,1201.6,1224.0,8817930.0,9090251.0,-272321.0
2017-04-12 00:00:00,1224.5,1228.3,1213.7,1217.1,6003831.0,6496916.0,-493085.0
2017-04-13 00:00:00,1217.1,1225.1,1128.0,1177.9,16126168.0,19512007.0,-3385839.0
2017-04-14 00:00:00,1177.5,1201.0,1173.7,1187.8,9538615.0,8624283.0,914332.0
2017-04-15 00:00:00,1187.9,1203.8,1125.0,1179.5,5393285.0,7059729.0,-1666444.0
2017-04-16 00:00:00,1179.5,1198.6,1174.8,1193.0,3696252.0,3609634.0,86618.0
2017-04-17 00:00:00,1193.4,1225.0,1186.7,1197.0,9225932.0,8983526.0,242406.0
2017-04-18 00:00:00,1197.2,1221.1,1197.1,1209.3,5600874.0,5699248.0,-98374.0
2017-04-19 00:00:00,1209.2,1216.8,1196.7,1209.6,5606260.0,6041196.0,-434936.0
2017-04-20 00:00:00,1210.1,1248.3,1210.0,1239.0,10348956.0,8610951.0,1738005.0
2017-04-21 00:00:00,1239.0,1257.5,1237.8,1249.3,7069318.0,7352097.0,-282779.0
2017-04-22 00:00:00,1249.3,1255.0,1210.0,1243.0,9311823.0,10551927.0,-1240104.0
2017-04-23 00:00:00,1243.0,1251.1,1230.6,1246.9,3821443.0,3422090.0,399353.0
2017-04-24 00:00:00,1246.9,1258.5,1238.9,1255.5,3279164.0,3127992.0,151172.0
2017-04-25 00:00:00,1255.4,1290.4,1254.4,1277.9,7833601.0,6174197.0,1659404.0
2017-04-26 00:00:00,1277.9,1316.7,1274.7,1296.4,11544170.0,11935518.0,-391348.0
2017-04-27 00:00:00,1296.5,1357.0,1291.7,1344.3,12956925.0,10779873.0,2177052.0
2017-04-28 00:00:00,1344.2,1362.2,1298.0,1339.7,15178294.0,17116148.0,-1937854.0
2017-04-29 00:00:00,1340.1,1356.1,1329.8,1347.4,7191475.0,6871903.0,319572.0
2017-04-30 00:00:00,1347.3,1374.6,1330.0,1366.6,9397373.0,7922786.0,1474587.0
2017-05-01 00:00:00,1366.3,1449.7,1366.0,1422.3,18578814.0,16916651.0,1662163.0
2017-05-02 00:00:00,1422.3,1486.0,1408.3,1460.6,21272874.0,20744614.0,528260.0
2017-05-03 00:00:00,1460.1,1518.3,1446.0,1517.3,20981905.0,19360022.0,1621883.0
2017-05-04 00:00:00,1517.3,1658.0,1441.5,1551.0,55853092.0,52897883.0,2955209.0
2017-05-05 00:00:00,1550.2,1627.0,1499.0,1529.6,41523155.0,42110821.0,-587666.0
2017-05-06 00:00:00,1529.7,1586.5,1522.4,1572.1,17053159.0,15666133.0,1387026.0
2017-05-07 00:00:00,1572.0,1604.1,1541.2,1590.0,12300375.0,10726993.0,1573382.0
2017-05-08 00:00:00,1590.0,1681.9,1589.9,1680.1,21184544.0,16844298.0,4340246.0
2017-05-09 00:00:00,1680.4,1791.2,1636.0,1729.9,42607973.0,41296490.0,1311483.0
2017-05-10 00:00:00,1730.0,1797.0,1691.3,1783.2,19970904.0,21554162.0,-1583258.0
2017-05-11 00:00:00,1783.2,1890.0,1752.0,1835.7,36551691.0,36155227.0,396464.0
2017-05-12 00:00:00,1837.1,1841.1,1650.0,1692.3,47998464.0,51654208.0,-3655744.0
2017-05-13 00:00:00,1692.3,1787.8,1598.4,1787.0,41420177.0,39710250.0,1709927.0
2017-05-14 00:00:00,1787.0,1824.0,1756.9,1804.2,23056730.0,20978448.0,2078282.0
2017-05-15 00:00:00,1804.1,1804.1,1685.8,1740.8,28523370.0,29684978.0,-1161608.0
2017-05-16 00:00:00,1739.0,1768.0,1676.6,1746.0,16044022.0,16744764.0,-700742.0
2017-05-17 00:00:00,1744.8,1848.1,1719.2,1813.4,24883463.0,21383467.0,3499996.0
2017-05-18 00:00:00,1816.5,1905.7,1808.4,1894.1,18956781.0,16282798.0,2673983.0
2017-05-19 00:00:00,1894.1,1972.6,1894.1,1960.0,23704275.0,25392869.0,-1688594.0
2017-05-20 00:00:00,1960.1,2067.8,1955.0,2053.8,23398181.0,18411900.0,4986281.0
2017-05-21 00:00:00,2053.8,2090.0,1970.2,2041.2,31320172.0,33027016.0,-1706844.0
2017-05-22 00:00:00,2041.2,2270.0,1990.1,2105.0,64256461.0,60491000.0,3765461.0
2017-05-23 00:00:00,2105.0,2279.5,2097.2,2268.1,43357363.0,40919268.0,2438095.0
2017-05-24 00:00:00,2268.6,2494.6,2268.5,2431.6,57196521.0,56106289.0,1090232.0
2017-05-25 00:00:00,2429.8,2811.0,2181.2,2306.3,124859834.0,133961021.0,-9101187.0
2017-05-26 00:00:00,2307.0,2624.2,2055.0,2273.7,110276992.0,106968542.0,3308450.0
2017-05-27 00:00:00,2273.7,2349.5,1900.0,2089.9,84924120.0,86742409.0,-1818289.0
2017-05-28 00:00:00,2089.9,2326.0,2088.2,2210.9,54282495.0,52600786.0,1681709.0
2017-05-29 00:00:00,2212.1,2373.5,2128.3,2309.6,38727778.0,36017380.0,2710398.0
2017-05-30 00:00:00,2310.2,2360.0,2122.4,2191.4,32375179.0,34925872.0,-2550693.0
2017-05-31 00:00:00,2191.0,2340.0,2155.0,2304.1,27308980.0,25750307.0,1558673.0
2017-06-01 00:00:00,2304.0,2465.7,2302.0,2416.8,29056989.0,28222436.0,834553.0
2017-06-02 00:00:00,2416.8,2501.2,2376.0,2497.9,21479443.0,19817995.0,1661448.0
2017-06-03 00:00:00,2498.0,2582.5,2450.0,2543.4,27513143.0,27233195.0,279948.0
2017-06-04 00:00:00,2543.5,2569.4,2464.2,2529.3,21518570.0,22289505.0,-770935.0
2017-06-05 00:00:00,2529.4,2723.4,2523.3,2715.4,28331239.0,24479480.0,3851759.0
2017-06-06 00:00:00,2715.4,2955.0,2703.2,2897.9,74268341.0,72762352.0,1505989.0
2017-06-07 00:00:00,2897.9,2914.1,2610.0,2667.6,47725230.0,55627429.0,-7902199.0
2017-06-08 00:00:00,2667.6,2827.2,2589.0,2817.7,35577347.0,33241686.0,2335661.0
2017-06-09 00:00:00,2817.5,2866.8,2788.3,2817.2,23405569.0,23171669.0,233900.0
2017-06-10 00:00:00,2817.1,2930.5,2803.0,2922.0,27772033.0,24514145.0,3257888.0
2017-06-11 00:00:00,2923.4,3017.0,2879.9,2994.8,24992973.0,23313951.0,1679022.0
2017-06-12 00:00:00,2994.9,3006.9,2470.0,2656.5,92183014.0,95056889.0,-2873875.0
2017-06-13 00:00:00,2656.9,2790.3,2635.1,2702.6,32388060.0,31525592.0,862468.0
2017-06-14 00:00:00,2702.6,2798.9,2320.0,2432.9,67307771.0,72675220.0,-5367449.0
2017-06-15 00:00:00,2430.8,2501.3,2095.5,2410.7,89086600.0,90163776.0,-1077176.0
2017-06-16 00:00:00,2410.6,2518.6,2290.0,2471.0,41117609.0,42177363.0,-1059754.0
2017-06-17 00:00:00,2470.1,2678.1,2406.8,2626.3,35106222.0,31897173.0,3209049.0
2017-06-18 00:00:00,2630.2,2677.1,2457.0,2525.0,38963683.0,37545133.0,1418550.0
2017-06-19 00:00:00,2518.9,2600.8,2485.2,2598.8,22256833.0,19832906.0,2423927.0
2017-06-20 00:00:00,2598.8,2802.5,2580.0,2736.8,32384063.0,30094058.0,2290005.0
2017-06-21 00:00:00,2737.1,2788.9,2595.0,2652.7,40633237.0,44556023.0,-3922786.0
2017-06-22 00:00:00,2649.5,2730.0,2589.0,2699.9,19863704.0,18642885.0,1220819.0
2017-06-23 00:00:00,2699.9,2744.1,2649.1,2678.9,14059628.0,16689791.0,-2630163.0
2017-06-24 00:00:00,2678.9,2717.9,2502.0,2559.5,31424088.0,34931284.0,-3507196.0
2017-06-25 00:00:00,2559.5,2635.2,2424.8,2507.9,33451555.0,34825584.0,-1374029.0
2017-06-26 00:00:00,2507.8,2549.0,2300.7,2420.1,54830339.0,56595471.0,-1765132.0
2017-06-27 00:00:00,2420.0,2549.0,2257.7,2541.6,51618699.0,52846474.0,-1227775.0
2017-06-28 00:00:00,2543.8,2594.5,2450.0,2558.3,29609596.0,28451142.0,1158454.0
2017-06-29 00:00:00,2558.2,2600.2,2505.7,2532.7,22212431.0,23019253.0,-806822.0
2017-06-30 00:00:00,2532.7,2556.4,2443.5,2453.4,19157069.0,19652700.0,-495631.0
2017-07-01 00:00:00,2453.4,2497.4,2390.0,2422.7,22798941.0,24593891.0,-1794950.0
2017-07-02 00:00:00,2423.1,2533.9,2371.3,2510.2,21750120.0,20195750.0,1554370.0
2017-07-03 00:00:00,2510.3,2599.7,2478.4,2540.5,23087167.0,20056765.0,3030402.0
2017-07-04 00:00:00,2540.4,2638.9,2540.1,2602.2,20806940.0,20084883.0,722057.0
2017-07-05 00:00:00,2602.0,2626.3,2532.3,2603.2,14927739.0,16841050.0,-1913311.0
2017-07-06 00:00:00,2603.2,2618.7,2563.0,2603.8,10287911.0,10820520.0,-532609.0
2017-07-07 00:00:00,2603.8,2608.0,2473.0,2505.1,22041643.0,25606302.0,-3564659.0
2017-07-08 00:00:00,2505.1,2558.0,2467.4,2554.4,18647227.0,17368121.0,1279106.0
2017-07-09 00:00:00,2554.0,2565.7,2498.3,2506.5,11880296.0,15096185.0,-3215889.0
2017-07-10 00:00:00,2506.6,2521.9,2271.0,2335.2,43765769.0,51050461.0,-7284692.0
2017-07-11 00:00:00,2335.2,2397.8,2241.9,2304.8,40173168.0,40890658.0,-717490.0
2017-07-12 00:00:00,2304.5,2408.4,2231.8,2386.8,41109611.0,38765014.0,2344597.0
2017-07-13 00:00:00,2386.9,2421.0,2310.6,2338.1,20326273.0,22239792.0,-1913519.0
2017-07-14 00:00:00,2338.1,2354.8,2135.5,2208.4,40472511.0,44663874.0,-4191363.0
2017-07-15 00:00:00,2212.3,2221.5,1970.5,1974.0,65928171.0,70436106.0,-4507935.0
2017-07-16 00:00:00,1974.4,2047.2,1810.0,1924.5,76889390.0,78792428.0,-1903038.0
2017-07-17 00:00:00,1924.4,2226.4,1910.0,2223.5,64973968.0,56575977.0,8397991.0
2017-07-18 00:00:00,2223.9,2387.0,2150.0,2303.0,79447409.0,76664469.0,2782940.0
2017-07-19 00:00:00,2303.0,2398.9,2220.0,2262.1,60117380.0,61833555.0,-1716175.0
2017-07-20 00:00:00,2261.2,2959.2,2261.0,2883.1,144047919.0,128395564.0,15652355.0
2017-07-21 00:00:00,2884.1,2888.0,2610.0,2666.0,94920899.0,105150419.0,-10229520.0
2017-07-22 00:00:00,2666.0,2906.0,2644.2,2833.2,79194129.0,78757575.0,436554.0
2017-07-23 00:00:00,2833.1,2866.3,2650.0,2752.8,67377867.0,73570374.0,-6192507.0
2017-07-24 00:00:00,2752.9,2817.0,2704.3,2764.4,45373444.0,46124420.0,-750976.0
2017-07-25 00:00:00,2764.4,2788.4,2438.4,2559.6,109277137.0,120436879.0,-11159742.0
2017-07-26 00:00:00,2559.9,2609.9,2391.2,2530.2,77846261.0,78785307.0,-939046.0
2017-07-27 00:00:00,2530.0,2685.1,2512.6,2662.3,54905605.0,49980213.0,4925392.0
2017-07-28 00:00:00,2662.3,2828.0,2654.5,2782.0,76021756.0,66032209.0,9989547.0
2017-07-29 00:00:00,2781.8,2784.7,2654.9,2692.5,53828534.0,57321843.0,-3493309.0
2017-07-30 00:00:00,2692.1,2747.0,2556.2,2730.4,42927180.0,43338689.0,-411509.0
2017-07-31 00:00:00,2730.2,2891.0,2684.7,2851.1,53180720.0,48166221.0,5014499.0
2017-08-01 00:00:00,2850.4,2913.1,2601.2,2730.1,91360100.0,82459118.0,8900982.0
2017-08-02 00:00:00,2730.7,2766.6,2633.7,2706.9,40091230.0,41373714.0,-1282484.0
2017-08-03 00:00:00,2706.9,2805.8,2699.3,2787.7,27561918.0,23668725.0,3893193.0
2017-08-04 00:00:00,2787.7,2875.1,2760.6,2854.9,36288442.0,36896353.0,-607911.0
2017-08-05 00:00:00,2854.8,3341.6,2848.2,3257.8,127320298.0,121820340.0,5499958.0
2017-08-06 00:00:00,3257.8,3305.0,3142.8,3221.8,64928331.0,69345516.0,-4417185.0
2017-08-07 00:00:00,3221.9,3442.0,3180.7,3395.0,70554698.0,64990848.0,5563850.0
2017-08-08 00:00:00,3395.2,3486.7,3328.0,3422.1,87147376.0,93485139.0,-6337763.0
2017-08-09 00:00:00,3422.0,3430.2,3220.0,3341.2,76235544.0,83590827.0,-7355283.0
2017-08-10 00:00:00,3341.2,3443.9,3307.5,3412.2,43910841.0,45142106.0,-1231265.0
2017-08-11 00:00:00,3412.0,3718.6,3393.4,3651.8,77980800.0,67222368.0,10758432.0
2017-08-12 00:00:00,3651.9,3987.6,3603.7,3874.4,133560383.0,130901108.0,2659275.0
2017-08-13 00:00:00,3874.4,4215.1,3842.0,4077.9,187037124.0,188118599.0,-1081475.0
2017-08-14 00:00:00,4078.1,4353.0,3960.3,4328.5,136346085.0,132933836.0,3412249.0
2017-08-15 00:00:00,4328.4,4440.0,3834.6,4158.1,208557711.0,221813598.0,-13255887.0
2017-08-16 00:00:00,4158.1,4415.0,3917.0,4402.3,140168206.0,134225900.0,5942306.0
2017-08-17 00:00:00,4402.3,4498.0,4170.0,4278.3,150208226.0,166008978.0,-15800752.0
2017-08-18 00:00:00,4278.3,4368.3,3941.9,4101.1,119726750.0,135167122.0,-15440372.0
2017-08-19 00:00:00,4101.1,4183.0,3933.0,4131.1,98009187.0,97575316.0,433871.0
2017-08-20 00:00:00,4131.2,4164.0,4014.5,4049.4,65176253.0,69743110.0,-4566857.0
2017-08-21 00:00:00,4050.8,4087.4,3951.0,3998.1,59252224.0,60880063.0,-1627839.0
2017-08-22 00:00:00,3998.0,4187.3,3550.0,4101.6,138954677.0,139837970.0,-883293.0
2017-08-23 00:00:00,4101.5,4259.9,4050.0,4138.0,78332860.0,79262125.0,-929265.0
2017-08-24 00:00:00,4138.1,4368.0,4085.8,4318.6,61997299.0,57193294.0,4804005.0
2017-08-25 00:00:00,4319.3,4472.6,4256.0,4357.4,73000592.0,74355800.0,-1355208.0
2017-08-26 00:00:00,4357.3,4371.3,4234.1,4334.9,47170737.0,49654477.0,-2483740.0
2017-08-27 00:00:00,4334.8,4414.0,4300.4,4341.9,35888952.0,35336356.0,552596.0
2017-08-28 00:00:00,4341.8,4413.3,4169.0,4390.8,62284687.0,60740742.0,1543945.0
2017-08-29 00:00:00,4390.8,4709.9,4333.5,4591.8,92186662.0,82848608.0,9338054.0
2017-08-30 00:00:00,4591.8,4666.5,4473.8,4569.2,54045582.0,62951406.0,-8905824.0
2017-08-31 00:00:00,4569.2,4769.0,4569.1,4723.9,69927062.0,70203645.0,-276583.0
2017-09-01 00:00:00,4723.9,4944.5,4678.0,4944.5,96967017.0,86688330.0,10278687.0
2017-09-02 00:00:00,4944.5,5013.3,4487.3,4633.1,198301009.0,209387477.0,-11086468.0
2017-09-03 00:00:00,4633.2,4742.2,4412.1,4624.2,108894376.0,114782866.0,-5888490.0
2017-09-04 00:00:00,4624.1,4630.0,4161.4,4339.9,190333002.0,198145481.0,-7812479.0
2017-09-05 00:00:00,4339.7,4505.0,4061.3,4427.0,158474694.0,149452049.0,9022645.0
2017-09-06 00:00:00,4427.6,4662.9,4410.7,4608.2,97311644.0,87540795.0,9770849.0
2017-09-07 00:00:00,4608.2,4678.0,4476.1,4613.9,75405740.0,77386451.0,-1980711.0
2017-09-08 00:00:00,4613.9,4689.7,4116.0,4317.9,199438801.0,218394418.0,-18955617.0
2017-09-09 00:00:00,4317.9,4416.1,4185.1,4325.8,108250633.0,99639193.0,8611440.0
2017-09-10 00:00:00,4324.8,4344.0,4012.6,4239.5,119447136.0,120410088.0,-962952.0
2017-09-11 00:00:00,4239.8,4380.0,4105.4,4207.0,94652068.0,93105131.0,1546937.0
2017-09-12 00:00:00,4207.0,4380.0,4055.0,4148.8,109211717.0,113952363.0,-4740646.0
2017-09-13 00:00:00,4148.8,4152.1,3722.9,3856.6,187306848.0,196601604.0,-9294756.0
2017-09-14 00:00:00,3856.5,3920.7,3200.1,3222.9,277835282.0,312349188.0,-34513906.0
2017-09-15 00:00:00,3224.0,3841.1,2939.7,3706.1,402797143.0,389812372.0,12984771.0
2017-09-16 00:00:00,3705.8,3900.0,3531.7,3697.0,159503882.0,166096275.0,-6592393.0
2017-09-17 00:00:00,3696.9,3810.0,3470.8,3687.1,119745393.0,118521061.0,1224332.0
2017-09-18 00:00:00,3687.0,4149.0,3687.0,4110.2,170494678.0,158482089.0,12012589.0
2017-09-19 00:00:00,4110.3,4130.0,3838.4,3883.8,169319950.0,182795566.0,-13475616.0
2017-09-20 00:00:00,3883.3,4060.0,3825.0,3867.1,127385671.0,135695581.0,-8309910.0
2017-09-21 00:00:00,3867.1,3903.5,3571.4,3611.0,174684344.0,195517768.0,-20833424.0
2017-09-22 00:00:00,3611.0,3765.0,3515.0,3603.5,163389541.0,166629618.0,-3240077.0
2017-09-23 00:00:00,3603.0,3826.5,3560.0,3778.9,115248556.0,105931507.0,9317049.0
2017-09-24 00:00:00,3778.8,3781.9,3595.5,3660.4,91539300.0,96363572.0,-4824272.0
2017-09-25 00:00:00,3660.6,3980.0,3656.0,3925.5,145888250.0,125931108.0,19957142.0
2017-09-26 00:00:00,3924.9,3981.3,3850.0,3874.0,105022710.0,120238764.0,-15216054.0
2017-09-27 00:00:00,3873.9,4220.0,3866.5,4202.5,162026067.0,146043125.0,15982942.0
2017-09-28 00:00:00,4202.3,4276.7,4125.0,4187.9,157012718.0,153853913.0,3158805.0
2017-09-29 00:00:00,4187.9,4240.0,4031.1,4164.8,196672269.0,197481963.0,-809694.0
2017-09-30 00:00:00,4164.8,4355.7,4155.0,4327.3,146286118.0,134970280.0,11315838.0
2017-10-01 00:00:00,4327.3,4384.1,4251.1,4382.8,136964933.0,123435354.0,13529579.0
2017-10-02 00:00:00,4382.8,4458.8,4355.5,4388.0,160529552.0,161535179.0,-1005627.0
2017-10-03 00:00:00,4388.1,4435.0,4224.1,4318.3,164172197.0,184875239.0,-20703042.0
2017-10-04 00:00:00,4318.2,4339.0,4162.0,4213.3,120145449.0,131299634.0,-11154185.0
2017-10-05 00:00:00,4213.4,4377.5,4134.8,4311.4,172359960.0,146777540.0,25582420.0
2017-10-06 00:00:00,4311.4,4430.0,4291.7,4372.1,131240456.0,120829657.0,10410799.0
2017-10-07 00:00:00,4372.1,4484.0,4307.0,4445.3,91294736.0,83755154.0,7539582.0
2017-10-08 00:00:00,4445.4,4619.6,4429.5,4591.0,159444753.0,137567200.0,21877553.0
2017-10-09 00:00:00,4591.0,4914.5,4546.4,4798.8,303635726.0,272716716.0,30919010.0
2017-10-10 00:00:00,4798.9,4943.7,4698.6,4771.7,255126773.0,270391889.0,-15265116.0
2017-10-11 00:00:00,4771.8,4887.0,4706.0,4822.0,188969140.0,179789575.0,9179565.0
2017-10-12 00:00:00,4822.0,5467.5,4800.6,5463.6,462410330.0,420801854.0,41608476.0
2017-10-13 00:00:00,5464.7,5980.0,5394.9,5667.3,663548842.0,673171906.0,-9623064.0
2017-10-14 00:00:00,5667.3,5890.0,5588.7,5872.1,304946325.0,285981099.0,18965226.0
2017-10-15 00:00:00,5872.2,5904.6,5405.0,5711.1,387918139.0,394251660.0,-6333521.0
2017-10-16 00:00:00,5711.1,5876.2,5531.1,5795.0,269553082.0,242703040.0,26850042.0
2017-10-17 00:00:00,5795.0,5819.9,5510.0,5600.0,273091779.0,294949294.0,-21857515.0
2017-10-18 00:00:00,5600.0,5647.9,5100.0,5590.8,527310095.0,540597899.0,-13287804.0
2017-10-19 00:00:00,5591.3,5757.9,5527.0,5700.8,330783430.0,324457115.0,6326315.0
2017-10-20 00:00:00,5700.7,6168.9,5602.0,6017.5,471371083.0,441187109.0,30183974.0
2017-10-21 00:00:00,6018.7,6220.0,5875.0,6018.7,413179003.0,441069296.0,-27890293.0
2017-10-22 00:00:00,6017.5,6080.2,5720.0,5986.0,419553062.0,427967307.0,-8414245.0
2017-10-23 00:00:00,5986.0,6095.2,5638.7,5853.9,499028593.0,514036226.0,-15007633.0
2017-10-24 00:00:00,5853.9,5853.9,5454.0,5517.4,446299502.0,504444562.0,-58145060.0
2017-10-25 00:00:00,5517.4,5758.9,5366.0,5732.0,363102513.0,347807346.0,15295167.0
2017-10-26 00:00:00,5732.0,6008.0,5669.6,5888.4,397320806.0,375817405.0,21503401.0
2017-10-27 00:00:00,5888.4,6013.0,5678.0,5769.3,308440495.0,324407996.0,-15967501.0
2017-10-28 00:00:00,5769.3,5878.0,5652.7,5727.1,223453029.0,221206597.0,2246432.0
2017-10-29 00:00:00,5726.9,6366.0,5687.5,6159.3,412365787.0,343744149.0,68621638.0
2017-10-30 00:00:00,6162.0,6221.8,6010.8,6134.9,277746829.0,301439911.0,-23693082.0
2017-10-31 00:00:00,6134.9,6489.0,6088.4,6440.1,397814368.0,359576044.0,38238324.0
2017-11-01 00:00:00,6440.0,6750.0,6360.0,6749.5,526895042.0,475807097.0,51087945.0
2017-11-02 00:00:00,6749.6,7437.7,6700.3,7025.8,989503996.0,958133868.0,31370128.0
2017-11-03 00:00:00,7025.8,7495.0,6920.0,7146.5,650351985.0,671425634.0,-21073649.0
2017-11-04 00:00:00,7146.6,7596.1,6983.6,7393.9,549742216.0,527541046.0,22201170.0
2017-11-05 00:00:00,7393.9,7621.7,7280.5,7378.3,484416138.0,545376185.0,-60960047.0
2017-11-06 00:00:00,7378.3,7436.0,6900.0,6960.0,702952046.0,774691615.0,-71739569.0
2017-11-07 00:00:00,6960.0,7215.5,6957.0,7121.3,529907738.0,530781665.0,-873927.0
2017-11-08 00:00:00,7121.3,7950.0,7013.0,7465.0,1012122092.0,926978759.0,85143333.0
2017-11-09 00:00:00,7465.1,7490.2,7030.0,7150.5,479433676.0,542433038.0,-62999362.0
2017-11-10 00:00:00,7151.0,7362.5,6431.0,6564.0,864069000.0,920353368.0,-56284368.0
2017-11-11 00:00:00,6564.0,6818.0,6220.5,6345.5,662938188.0,672955990.0,-10017802.0
2017-11-12 00:00:00,6345.0,6480.0,5464.0,5846.5,1082076671.0,1135406854.0,-53330183.0
2017-11-13 00:00:00,5846.5,6720.0,5800.5,6558.0,745135932.0,693975642.0,51160290.0
2017-11-14 00:00:00,6558.5,6777.0,6410.0,6632.5,389712135.0,393577161.0,-3865026.0
2017-11-15 00:00:00,6632.5,7367.0,6624.5,7310.5,652865163.0,618272729.0,34592434.0
2017-11-16 00:00:00,7310.0,8061.0,7131.0,7867.0,702477764.0,650396442.0,52081322.0
2017-11-17 00:00:00,7867.0,8059.0,7550.0,7674.0,748630592.0,827346626.0,-78716034.0
2017-11-18 00:00:00,7674.5,7893.5,7425.0,7805.5,434684318.0,422372497.0,12311821.0
2017-11-19 00:00:00,7806.0,8152.5,7680.0,8062.0,403204348.0,397198070.0,6006278.0
2017-11-20 00:00:00,8061.5,8305.0,7929.5,8243.0,438534564.0,424688164.0,13846400.0
2017-11-21 00:00:00,8243.0,8393.5,7407.5,8098.5,812281521.0,858505994.0,-46224473.0
2017-11-22 00:00:00,8099.0,8319.0,8050.5,8219.0,426389160.0,427359002.0,-969842.0
2017-11-23 00:00:00,8219.0,8275.5,7975.5,7988.5,328569410.0,353965908.0,-25396498.0
2017-11-24 00:00:00,7988.0,8386.5,7832.0,8207.5,501808935.0,474752064.0,27056871.0
2017-11-25 00:00:00,8208.0,8787.0,8140.0,8760.0,489133884.0,411306761.0,77827123.0
2017-11-26 00:00:00,8760.0,9586.0,8734.5,9339.0,930112549.0,877856036.0,52256513.0
2017-11-27 00:00:00,9339.0,9796.0,9339.0,9751.5,795550696.0,777246678.0,18304018.0
2017-11-28 00:00:00,9751.5,9992.5,9607.5,9938.0,618081698.0,618872196.0,-790498.0
2017-11-29 00:00:00,9938.0,11489.0,8830.0,9869.5,1748836770.0,1741632676.0,7204094.0
2017-11-30 00:00:00,9869.5,10750.5,8938.5,9960.0,1147314327.0,1144276194.0,3038133.0
2017-12-01 00:00:00,9959.5,10988.0,9347.5,10879.5,998917975.0,949099541.0,49818434.0
2017-12-02 00:00:00,10879.5,11262.5,10676.5,10910.5,698965496.0,690499751.0,8465745.0
2017-12-03 00:00:00,10910.5,11896.0,10402.0,11210.0,830901680.0,831615462.0,-713782.0
2017-12-04 00:00:00,11209.5,11685.5,10856.0,11682.0,781244555.0,758040972.0,23203583.0
2017-12-05 00:00:00,11682.0,11961.0,11451.0,11726.0,570361854.0,594791392.0,-24429538.0
2017-12-06 00:00:00,11726.0,13890.5,11724.0,13682.0,1129645187.0,1051908148.0,77737039.0
2017-12-07 00:00:00,13676.5,17750.0,13323.5,17427.0,1881999954.0,1863748355.0,18251599.0
2017-12-08 00:00:00,17426.0,17719.5,13889.5,16272.0,1445210640.0,1530989585.0,-85778945.0
2017-12-09 00:00:00,16272.0,16600.0,13225.0,14984.5,895831019.0,962175719.0,-66344700.0
2017-12-10 00:00:00,14984.5,16149.0,13218.0,15143.0,1165188048.0,1169761214.0,-4573166.0
2017-12-11 00:00:00,15132.0,17742.5,15102.0,17009.0,822249784.0,838767082.0,-16517298.0
2017-12-12 00:00:00,17009.5,18067.0,16200.0,17236.0,812220800.0,806412965.0,5807835.0
2017-12-13 00:00:00,17236.0,17561.0,15855.0,16436.5,841191020.0,899506523.0,-58315503.0
2017-12-14 00:00:00,16447.0,17145.0,16103.0,16651.0,536059816.0,510024507.0,26035309.0
2017-12-15 00:00:00,16651.0,18296.5,16615.5,17700.0,751384635.0,756708982.0,-5324347.0
2017-12-16 00:00:00,17700.0,19840.0,17476.5,19547.5,750544876.0,675266598.0,75278278.0
2017-12-17 00:00:00,19547.5,20093.0,18737.5,19287.5,893314795.0,923648650.0,-30333855.0
2017-12-18 00:00:00,19285.5,19384.0,18032.5,19127.0,903877262.0,902840035.0,1037227.0
2017-12-19 00:00:00,19125.0,19346.0,16804.5,17663.0,885734206.0,978544232.0,-92810026.0
2017-12-20 00:00:00,17662.5,17943.5,15080.0,16463.0,1226555796.0,1237616118.0,-11060322.0
2017-12-21 00:00:00,16463.5,17468.5,15050.0,15775.0,839353519.0,814238814.0,25114705.0
2017-12-22 00:00:00,15758.5,15905.0,10900.0,13763.5,1661089193.0,1826426604.0,-165337411.0
2017-12-23 00:00:00,13763.5,15928.0,13462.0,14719.5,736820735.0,741078647.0,-4257912.0
2017-12-24 00:00:00,14719.5,14788.5,12521.5,14227.5,874198374.0,788317226.0,85881148.0
2017-12-25 00:00:00,14228.0,14710.5,13232.0,13989.5,496156892.0,500091301.0,-3934409.0
2017-12-26 00:00:00,13990.0,16384.5,13900.0,15833.5,699613900.0,675445752.0,24168148.0
2017-12-27 00:00:00,15839.5,16700.0,14497.5,15380.5,626019046.0,655216501.0,-29197455.0
2017-12-28 00:00:00,15381.0,15535.5,13450.5,14480.0,634413189.0,692337778.0,-57924589.0
2017-12-29 00:00:00,14480.0,15175.0,13905.0,14539.5,443578587.0,432847323.0,10731264.0
2017-12-30 00:00:00,14539.0,14601.5,11973.0,12673.5,764215498.0,751873884.0,12341614.0
2018-01-01 00:00:00,13873.0,14011.5,12772.0,13477.0,320681802.0,318276944.0,2404858.0
2018-01-02 00:00:00,13476.5,15269.0,12900.0,14786.5,466562470.0,437597182.0,28965288.0
2018-01-03 00:00:00,14787.0,15524.0,14555.0,15157.0,412583575.0,400102975.0,12480600.0
2018-01-04 00:00:00,15157.5,15500.0,14150.0,15186.0,401614751.0,412527337.0,-10912586.0
2018-01-05 00:00:00,15186.0,17088.0,14805.0,16891.0,536018950.0,474592142.0,61426808.0
2018-01-06 00:00:00,16891.0,17422.0,16235.0,17210.0,387896441.0,376407070.0,11489371.0
2018-01-07 00:00:00,17210.0,17213.0,15770.5,16224.5,398257972.0,465083738.0,-66825766.0
2018-01-08 00:00:00,16224.5,16329.0,13800.0,14952.5,706079245.0,767441464.0,-61362219.0
2018-01-09 00:00:00,14952.0,15375.0,14183.0,14465.0,482160228.0,516863984.0,-34703756.0
2018-01-10 00:00:00,14466.5,15012.5,13426.0,14963.5,597425496.0,557232582.0,40192914.0
2018-01-11 00:00:00,14970.5,15033.5,12703.5,13287.5,722322566.0,792307316.0,-69984750.0
2018-01-12 00:00:00,13288.0,14197.0,12818.5,13874.5,467350689.0,418914104.0,48436585.0
2018-01-13 00:00:00,13872.0,14600.0,13810.0,14209.0,295906391.0,292624602.0,3281789.0
2018-01-14 00:00:00,14209.0,14364.0,13049.0,13645.0,386905910.0,420026826.0,-33120916.0
2018-01-15 00:00:00,13645.5,14374.5,13400.0,13621.0,373807506.0,373591076.0,216430.0
2018-01-16 00:00:00,13618.5,13619.0,10100.0,11330.0,1306837781.0,1449145534.0,-142307753.0
2018-01-17 00:00:00,11330.0,11799.0,9209.0,11210.0,1131659283.0,1135194888.0,-3535605.0
2018-01-18 00:00:00,11207.5,12183.0,10615.5,11252.0,722781377.0,708423606.0,14357771.0
2018-01-19 00:00:00,11251.0,12078.0,10956.5,11546.5,487906584.0,501622445.0,-13715861.0
2018-01-20 00:00:00,11547.0,13008.0,11490.0,12746.5,494749706.0,435899370.0,58850336.0
2018-01-21 00:00:00,12747.0,12757.0,11088.5,11560.0,551307517.0,592280297.0,-40972780.0
2018-01-22 00:00:00,11559.5,11855.0,10020.0,10792.5,748171797.0,738665962.0,9505835.0
2018-01-23 00:00:00,10792.5,11437.0,9874.0,10830.0,721808710.0,728091392.0,-6282682.0
2018-01-24 00:00:00,10830.5,11499.0,10437.0,11394.5,571534968.0,560081150.0,11453818.0
2018-01-25 00:00:00,11394.5,11750.0,10840.5,11117.0,489794399.0,491530771.0,-1736372.0
2018-01-26 00:00:00,11117.0,11653.0,10230.0,11110.0,732236602.0,720597880.0,11638722.0
2018-01-27 00:00:00,11110.0,11631.0,10777.5,11398.0,505914197.0,503681327.0,2232870.0
2018-01-28 00:00:00,11398.0,11970.0,11350.0,11631.5,375456517.0,376579396.0,-1122879.0
2018-01-29 00:00:00,11631.0,11768.0,10865.0,11127.0,454850687.0,467980865.0,-13130178.0
2018-01-30 00:00:00,11127.5,11217.5,9616.5,9999.0,768425699.0,782830348.0,-14404649.0
2018-01-31 00:00:00,9996.5,10332.5,9500.0,10132.0,594388200.0,565819607.0,28568593.0
2018-02-01 00:00:00,10138.5,10199.0,8476.0,9008.0,836366044.0,942596919.0,-106230875.0
2018-02-02 00:00:00,9009.0,9054.5,7610.0,8807.5,959662884.0,1010230355.0,-50567471.0
2018-02-03 00:00:00,8807.5,9499.0,8105.0,9226.5,599705039.0,577121615.0,22583424.0
2018-02-04 00:00:00,9227.0,9395.0,7791.0,8151.0,698964592.0,737110764.0,-38146172.0
2018-02-05 00:00:00,8152.5,8344.5,6543.0,6889.5,1005052239.0,1083828788.0,-78776549.0
2018-02-06 00:00:00,6889.5,7930.0,5855.0,7674.5,1218485523.0,1165484188.0,53001335.0
2018-02-07 00:00:00,7674.5,8590.0,7189.5,7598.5,996608383.0,972211042.0,24397341.0
2018-02-08 00:00:00,7597.0,8655.0,7576.0,8232.5,862504518.0,848799473.0,13705045.0
2018-02-09 00:00:00,8233.0,8750.0,7692.0,8675.5,743459675.0,718708520.0,24751155.0
2018-02-10 00:00:00,8675.5,9084.0,8112.0,8548.5,756100487.0,780809223.0,-24708736.0
2018-02-11 00:00:00,8548.0,8548.5,7830.0,8065.0,755932079.0,772378484.0,-16446405.0
2018-02-12 00:00:00,8065.0,8999.0,8063.0,8905.5,820723287.0,785570202.0,35153085.0
2018-02-13 00:00:00,8905.5,8944.0,8331.0,8499.5,747308920.0,783430053.0,-36121133.0
2018-02-14 00:00:00,8499.5,9515.0,8499.5,9462.5,871634704.0,800940255.0,70694449.0
2018-02-15 00:00:00,9462.0,10191.0,9336.0,10008.0,1077306949.0,1038825871.0,38481078.0
2018-02-16 00:00:00,10009.0,10304.0,9705.0,10185.5,877977013.0,872678029.0,5298984.0
2018-02-17 00:00:00,10185.5,11160.0,10013.5,11144.0,1119228111.0,1058873075.0,60355036.0
2018-02-18 00:00:00,11144.0,11292.0,10174.0,10402.0,1442466700.0,1564110138.0,-121643438.0
2018-02-19 00:00:00,10400.0,11277.0,10300.0,11173.0,1216016872.0,1227177001.0,-11160129.0
2018-02-20 00:00:00,11173.0,11771.0,11020.0,11220.0,1364083629.0,1369621165.0,-5537536.0
2018-02-21 00:00:00,11220.5,11250.0,10251.0,10455.0,1578182723.0,1633450930.0,-55268207.0
2018-02-22 00:00:00,10455.5,10905.0,9726.0,9831.5,1570358922.0,1647391630.0,-77032708.0
2018-02-23 00:00:00,9831.5,10369.0,9581.0,10130.5,1413299363.0,1398172884.0,15126479.0
2018-02-24 00:00:00,10130.5,10523.0,9338.5,9689.0,1371773122.0,1409002618.0,-37229496.0
2018-02-25 00:00:00,9689.0,9880.0,9289.0,9591.0,1158506335.0,1141474219.0,17032116.0
2018-02-26 00:00:00,9591.0,10450.0,9379.5,10316.5,1300546872.0,1199944798.0,100602074.0
2018-02-27 00:00:00,10317.0,10879.5,10150.5,10530.0,1319694967.0,1320068803.0,-373836.0
2018-02-28 00:00:00,10512.5,11070.0,10250.0,10319.0,1544488147.0,1592994568.0,-48506421.0
2018-03-01 00:00:00,10319.0,11105.0,10230.0,10919.5,1598689844.0,1483301822.0,115388022.0
2018-03-02 00:00:00,10919.5,11198.0,10770.0,11030.0,1478292683.0,1485276128.0,-6983445.0
2018-03-03 00:00:00,11030.0,11524.5,11022.0,11458.0,1424977876.0,1378530985.0,46446891.0
2018-03-04 00:00:00,11458.5,11538.0,11066.0,11490.5,1316407038.0,1317916536.0,-1509498.0
2018-03-05 00:00:00,11490.5,11683.0,11330.5,11330.5,1186569040.0,1223184792.0,-36615752.0
2018-03-06 00:00:00,11330.5,11391.5,10560.0,10730.0,1897810947.0,2082819276.0,-185008329.0
2018-03-07 00:00:00,10730.0,10898.0,9330.5,9913.5,2407348439.0,2415623807.0,-8275368.0
2018-03-08 00:00:00,9914.0,10121.5,9030.0,9304.5,2425316678.0,2390000911.0,35315767.0
2018-03-09 00:00:00,9304.5,9423.5,8340.0,9224.0,2898018141.0,2825358612.0,72659529.0
2018-03-10 00:00:00,9224.0,9500.0,8706.0,8789.5,1551774900.0,1606286790.0,-54511890.0
2018-03-11 00:00:00,8789.5,9789.0,8400.0,9543.0,1997041043.0,1950388457.0,46652586.0
2018-03-12 00:00:00,9542.5,9900.0,8711.0,9093.0,1902506393.0,1954213503.0,-51707110.0
2018-03-13 00:00:00,9092.5,9519.0,8805.5,9133.5,1812117182.0,1753507755.0,58609427.0
2018-03-14 00:00:00,9133.5,9400.0,7933.5,8190.5,1710092510.0,1893264814.0,-183172304.0
2018-03-15 00:00:00,8191.0,8475.0,7652.5,8250.5,1922402844.0,1893005398.0,29397446.0
2018-03-16 00:00:00,8250.5,8643.0,7873.0,8250.5,1366828268.0,1359027234.0,7801034.0
2018-03-17 00:00:00,8247.5,8389.0,7730.5,7849.0,1296396114.0,1303962025.0,-7565911.0
2018-03-18 00:00:00,7849.0,8370.0,7300.0,8189.0,1963877219.0,1848236782.0,115640437.0
2018-03-19 00:00:00,8188.5,8780.0,8126.0,8590.0,1623287820.0,1550846244.0,72441576.0
2018-03-20 00:00:00,8590.0,9064.0,8323.5,8897.0,1569783523.0,1528959015.0,40824508.0
2018-03-21 00:00:00,8896.5,9217.5,8750.0,8893.5,1504021806.0,1533651790.0,-29629984.0
2018-03-22 00:00:00,8893.5,9095.0,8505.0,8700.0,1496909435.0,1591175823.0,-94266388.0
2018-03-23 00:00:00,8700.0,8948.0,8255.0,8921.0,1514294250.0,1539392832.0,-25098582.0
2018-03-24 00:00:00,8920.5,9032.5,8460.5,8512.0,1340049841.0,1436392124.0,-96342283.0
2018-03-25 00:00:00,8514.5,8683.0,8360.0,8444.5,1349913136.0,1348761697.0,1151439.0
2018-03-26 00:00:00,8444.0,8493.5,7820.0,8150.0,1530588050.0,1670249688.0,-139661638.0
2018-03-27 00:00:00,8150.0,8199.0,7716.0,7791.0,1555784789.0,1640274146.0,-84489357.0
2018-03-28 00:00:00,7792.5,8097.0,7727.5,7935.0,1244941657.0,1187993876.0,56947781.0
2018-03-29 00:00:00,7935.0,7963.5,6850.0,7082.0,1964909676.0,2188914383.0,-224004707.0
2018-03-30 00:00:00,7082.0,7227.0,6543.0,6820.0,2234083980.0,2250181692.0,-16097712.0
2018-03-31 00:00:00,6820.5,7222.0,6788.0,6920.5,1554367188.0,1510548433.0,43818755.0
2018-04-01 00:00:00,6920.5,7053.0,6404.5,6817.0,1556256314.0,1564207330.0,-7951016.0
2018-04-02 00:00:00,6817.0,7123.0,6766.0,7046.5,1228140191.0,1168282553.0,59857638.0
2018-04-03 00:00:00,7046.5,7518.0,7006.5,7408.5,1436469567.0,1293600892.0,142868675.0
2018-04-04 00:00:00,7408.5,7420.0,6686.5,6779.0,1577036359.0,1794294253.0,-217257894.0
2018-04-05 00:00:00,6779.0,6935.0,6555.0,6769.5,1633064493.0,1650224754.0,-17160261.0
2018-04-06 00:00:00,6769.0,6875.0,6479.5,6612.0,1122438390.0,1134261093.0,-11822703.0
2018-04-07 00:00:00,6611.5,7058.5,6608.0,6900.5,1003565316.0,932004091.0,71561225.0
2018-04-08 00:00:00,6900.0,7137.0,6885.0,7014.0,821000552.0,781230019.0,39770533.0
2018-04-09 00:00:00,7014.0,7177.5,6600.0,6763.0,1365939955.0,1406833965.0,-40894010.0
2018-04-10 00:00:00,6765.0,6888.0,6620.0,6824.0,891522202.0,873853380.0,17668822.0
2018-04-11 00:00:00,6824.0,6959.0,6802.0,6933.5,752862994.0,675278033.0,77584961.0
2018-04-12 00:00:00,6933.0,8149.0,6688.0,7904.5,1730808478.0,1633334232.0,97474246.0
2018-04-13 00:00:00,7905.0,8227.0,7754.0,7887.5,1705069090.0,1773083605.0,-68014515.0
2018-04-14 00:00:00,7887.5,8195.0,7835.0,8000.0,1187001625.0,1170355945.0,16645680.0
2018-04-15 00:00:00,8000.0,8428.5,8000.0,8346.5,1070505811.0,973013193.0,97492618.0
2018-04-16 00:00:00,8346.5,8420.0,7910.0,8047.0,1386623324.0,1447517496.0,-60894172.0
2018-04-17 00:00:00,8047.5,8179.0,7800.5,7889.5,1043184098.0,1111407932.0,-68223834.0
2018-04-18 00:00:00,7889.5,8262.0,7857.0,8177.0,981195299.0,919695172.0,61500127.0
2018-04-19 00:00:00,8176.5,8300.0,8068.5,8266.0,968105330.0,943647349.0,24457981.0
2018-04-20 00:00:00,8266.0,8974.0,8215.0,8847.0,1548623703.0,1469507334.0,79116369.0
2018-04-21 00:00:00,8850.0,9050.5,8651.0,8923.5,1547847083.0,1526981138.0,20865945.0
2018-04-22 00:00:00,8923.5,9020.0,8739.0,8800.0,1297492612.0,1347264452.0,-49771840.0
2018-04-23 00:00:00,8800.0,9005.0,8780.0,8943.0,1076302568.0,1058777677.0,17524891.0
2018-04-24 00:00:00,8943.0,9780.0,8939.5,9675.0,2207913632.0,1928051229.0,279862403.0
2018-04-25 00:00:00,9675.5,9765.5,8711.0,8846.5,2641299798.0,3170961011.0,-529661213.0
2018-04-26 00:00:00,8847.0,9327.0,8611.0,9288.0,1869418637.0,1758904529.0,110514108.0
2018-04-27 00:00:00,9288.0,9384.5,8910.0,8928.0,1314900508.0,1543660094.0,-228759586.0
2018-04-28 00:00:00,8928.0,9450.0,8852.0,9343.5,1459253313.0,1398012150.0,61241163.0
2018-04-29 00:00:00,9343.5,9540.0,9192.0,9400.5,1127516297.0,1155855869.0,-28339572.0
2018-04-30 00:00:00,9400.5,9457.0,9123.0,9250.0,1122521635.0,1248276637.0,-125755002.0
2018-05-01 00:00:00,9250.0,9253.5,8800.5,9066.0,1202531575.0,1378754879.0,-176223304.0
2018-05-02 00:00:00,9065.5,9258.0,8974.5,9216.0,1024841998.0,954754357.0,70087641.0
2018-05-03 00:00:00,9216.5,9852.0,9167.5,9741.5,1646727023.0,1416225293.0,230501730.0
2018-05-04 00:00:00,9742.0,9778.0,9351.0,9683.0,1303265087.0,1383530156.0,-80265069.0
2018-05-05 00:00:00,9683.0,9970.0,9671.5,9828.5,1194033577.0,1254888480.0,-60854903.0
2018-05-06 00:00:00,9828.5,9936.0,9416.0,9600.5,1369405130.0,1536262106.0,-166856976.0
2018-05-07 00:00:00,9600.5,9618.0,9170.0,9359.5,1450081910.0,1644319228.0,-194237318.0
2018-05-08 00:00:00,9359.5,9449.0,9002.0,9190.5,1185271462.0,1336333159.0,-151061697.0
2018-05-09 00:00:00,9190.0,9345.0,8966.0,9305.5,1127068491.0,1081998834.0,45069657.0
2018-05-10 00:00:00,9305.5,9399.0,9001.0,9027.5,1080313033.0,1232459160.0,-152146127.0
2018-05-11 00:00:00,9027.0,9027.5,8337.0,8413.0,1836869195.0,2240017732.0,-403148537.0
2018-05-12 00:00:00,8412.5,8634.5,8225.0,8477.0,1832598300.0,1911080188.0,-78481888.0
2018-05-13 00:00:00,8477.5,8758.0,8336.0,8693.5,1258685144.0,1231048189.0,27636955.0
2018-05-14 00:00:00,8693.5,8882.5,8282.5,8678.0,1620436403.0,1707564477.0,-87128074.0
2018-05-15 00:00:00,8678.5,8849.0,8417.5,8476.5,1218625676.0,1300175426.0,-81549750.0
2018-05-16 00:00:00,8477.5,8497.0,8080.0,8334.5,1459411675.0,1559671635.0,-100259960.0
2018-05-17 00:00:00,8334.5,8481.0,7945.0,8058.5,981490906.0,1081507625.0,-100016719.0
2018-05-18 00:00:00,8058.0,8273.5,7920.0,8233.0,981604411.0,931664462.0,49939949.0
2018-05-19 00:00:00,8233.0,8400.0,8152.0,8230.0,693403149.0,695753851.0,-2350702.0
2018-05-20 00:00:00,8230.0,8610.0,8174.5,8521.5,916857397.0,771468537.0,145388860.0
2018-05-21 00:00:00,8521.0,8594.5,8320.0,8397.0,872890435.0,949328531.0,-76438096.0
2018-05-22 00:00:00,8397.5,8407.0,7950.0,7989.0,1181442364.0,1424069318.0,-242626954.0
2018-05-23 00:00:00,7988.5,8028.5,7430.5,7506.0,1952230271.0,2287134931.0,-334904660.0
2018-05-24 00:00:00,7506.0,7740.0,7256.0,7568.0,1793329346.0,1850133397.0,-56804051.0
2018-05-25 00:00:00,7568.0,7664.0,7320.0,7464.5,1241261731.0,1284029521.0,-42767790.0
2018-05-26 00:00:00,7464.0,7648.0,7261.5,7323.0,767465639.0,815832529.0,-48366890.0
2018-05-27 00:00:00,7323.0,7400.0,7189.0,7336.5,790731755.0,797130013.0,-6398258.0
2018-05-28 00:00:00,7336.5,7450.0,7080.5,7111.0,1016558993.0,1079502728.0,-62943735.0
2018-05-29 00:00:00,7111.5,7569.0,7060.0,7469.0,1329623773.0,1192390556.0,137233217.0
2018-05-30 00:00:00,7469.0,7559.0,7272.0,7372.0,1093149803.0,1173693661.0,-80543858.0
2018-05-31 00:00:00,7372.0,7625.0,7330.0,7485.5,1064701827.0,1030900772.0,33801055.0
2018-06-01 00:00:00,7485.0,7618.0,7333.0,7513.0,1013886089.0,1051697876.0,-37811787.0
2018-06-02 00:00:00,7513.0,7727.0,7444.0,7631.0,837185892.0,792542874.0,44643018.0
2018-06-03 00:00:00,7631.0,7798.0,7575.0,7709.0,756610643.0,701876794.0,54733849.0
2018-06-04 00:00:00,7709.5,7760.0,7451.5,7492.0,978048446.0,1129653987.0,-151605541.0
2018-06-05 00:00:00,7491.5,7670.0,7344.0,7622.5,1244753297.0,1169206296.0,75547001.0
2018-06-06 00:00:00,7622.5,7700.0,7478.0,7657.0,1058355020.0,1065201540.0,-6846520.0
2018-06-07 00:00:00,7657.0,7755.0,7630.0,7689.0,829953549.0,819539887.0,10413662.0
2018-06-08 00:00:00,7689.0,7696.5,7540.0,7625.0,730710819.0,805090277.0,-74379458.0
2018-06-09 00:00:00,7625.5,7700.0,7436.0,7492.0,584121761.0,730026978.0,-145905217.0
2018-06-10 00:00:00,7492.0,7492.5,6610.0,6767.0,1986754006.0,2363827763.0,-377073757.0
2018-06-11 00:00:00,6767.5,6937.5,6620.0,6870.5,1296304589.0,1287467773.0,8836816.0
2018-06-12 00:00:00,6870.5,6871.0,6433.0,6553.5,1183768905.0,1325779186.0,-142010281.0
2018-06-13 00:00:00,6554.0,6633.0,6097.0,6296.5,1648404440.0,1818443021.0,-170038581.0
2018-06-14 00:00:00,6296.0,6718.0,6268.0,6631.0,1691615581.0,1602511713.0,89103868.0
2018-06-15 00:00:00,6631.0,6680.0,6355.0,6395.0,1028334573.0,1110070321.0,-81735748.0
2018-06-16 00:00:00,6395.0,6600.5,6312.0,6488.5,809366888.0,814309190.0,-4942302.0
2018-06-17 00:00:00,6488.5,6580.5,6425.0,6443.0,563831168.0,566453723.0,-2622555.0
2018-06-18 00:00:00,6443.5,6800.0,6374.5,6706.5,951361257.0,872931829.0,78429428.0
2018-06-19 00:00:00,6706.5,6838.0,6651.0,6731.5,805322282.0,766428767.0,38893515.0
2018-06-20 00:00:00,6732.0,6823.0,6552.5,6750.0,1051378084.0,1044833882.0,6544202.0
2018-06-21 00:00:00,6750.0,6789.0,6671.0,6710.5,668285702.0,711589755.0,-43304053.0
2018-06-22 00:00:00,6711.0,6728.0,5900.5,6048.5,2005217402.0,2246087787.0,-240870385.0
2018-06-23 00:00:00,6049.0,6270.5,6033.5,6165.0,963524049.0,916934608.0,46589441.0
2018-06-24 00:00:00,6165.0,6347.0,5743.0,6150.0,1700313571.0,1700893702.0,-580131.0
2018-06-25 00:00:00,6149.5,6350.0,6061.0,6251.5,1075338862.0,1037814786.0,37524076.0
2018-06-26 00:00:00,6251.5,6280.5,6044.0,6074.0,867966948.0,948606756.0,-80639808.0
2018-06-27 00:00:00,6074.0,6178.0,5980.0,6129.0,879325613.0,846004162.0,33321451.0
2018-06-28 00:00:00,6129.5,6154.5,5820.0,5844.5,855374732.0,1023267222.0,-167892490.0
2018-06-29 00:00:00,5844.5,6333.0,5778.0,6205.5,1212037550.0,1110942754.0,101094796.0
2018-06-30 00:00:00,6206.0,6570.0,6190.0,6383.5,942546168.0,886033898.0,56512270.0
2018-07-01 00:00:00,6383.5,6432.0,6255.0,6346.0,651632200.0,682920163.0,-31287963.0
2018-07-02 00:00:00,6346.0,6675.0,6268.0,6610.0,1007898750.0,900283604.0,107615146.0
2018-07-03 00:00:00,6610.0,6670.0,6463.5,6505.5,869257237.0,934284956.0,-65027719.0
2018-07-04 00:00:00,6505.5,6820.0,6412.0,6582.0,1178147030.0,1132060767.0,46086263.0
2018-07-05 00:00:00,6582.0,6730.0,6429.0,6526.5,1297986014.0,1349408780.0,-51422766.0
2018-07-06 00:00:00,6526.5,6650.0,6453.0,6599.5,908341004.0,834473035.0,73867969.0
2018-07-07 00:00:00,6599.0,6868.0,6503.0,6756.5,840201192.0,719126293.0,121074899.0
2018-07-08 00:00:00,6757.0,6774.5,6670.0,6701.0,544524968.0,592681009.0,-48156041.0
2018-07-09 00:00:00,6701.0,6841.0,6626.0,6668.0,813380759.0,851438548.0,-38057789.0
2018-07-10 00:00:00,6667.5,6678.0,6260.0,6304.0,1214592614.0,1490985177.0,-276392563.0
2018-07-11 00:00:00,6304.0,6399.5,6277.0,6371.0,895512338.0,871599772.0,23912566.0
2018-07-12 00:00:00,6371.0,6371.0,6065.0,6246.5,1103963619.0,1276351872.0,-172388253.0
2018-07-13 00:00:00,6246.5,6350.0,6111.0,6213.0,885529519.0,893452354.0,-7922835.0
2018-07-14 00:00:00,6212.5,6320.0,6181.5,6245.5,688655173.0,654184675.0,34470498.0
2018-07-15 00:00:00,6245.5,6392.0,6231.0,6347.5,695259700.0,619435166.0,75824534.0
2018-07-16 00:00:00,6348.0,6738.0,6338.0,6719.5,1640777181.0,1319098726.0,321678455.0
2018-07-17 00:00:00,6719.5,7470.0,6659.5,7318.5,2175987000.0,1914292858.0,261694142.0
2018-07-18 00:00:00,7318.0,7600.0,7230.0,7384.0,2437292671.0,2493500110.0,-56207439.0
2018-07-19 00:00:00,7384.0,7584.0,7284.0,7466.5,1659707186.0,1594453692.0,65253494.0
2018-07-20 00:00:00,7466.5,7715.0,7270.5,7333.0,1992392207.0,2066608010.0,-74215803.0
2018-07-21 00:00:00,7333.0,7450.0,7209.5,7401.0,1057569380.0,1020946696.0,36622684.0
2018-07-22 00:00:00,7401.5,7590.0,7321.0,7391.5,1441380286.0,1513208341.0,-71828055.0
2018-07-23 00:00:00,7391.5,7799.0,7376.0,7720.0,2286103816.0,2115050115.0,171053701.0
2018-07-24 00:00:00,7719.5,8478.0,7694.5,8391.0,4065704445.0,3494370506.0,571333939.0
2018-07-25 00:00:00,8391.0,8487.0,8056.0,8177.0,2841963593.0,3016040210.0,-174076617.0
2018-07-26 00:00:00,8177.5,8319.5,7850.0,7922.0,2298831468.0,2498650271.0,-199818803.0
2018-07-27 00:00:00,7921.5,8280.0,7791.0,8190.0,2373316203.0,2341035105.0,32281098.0
2018-07-28 00:00:00,8190.0,8249.5,8075.0,8229.5,1146358168.0,1192804377.0,-46446209.0
2018-07-29 00:00:00,8230.0,8302.5,8122.0,8219.0,1320508942.0,1373993280.0,-53484338.0
2018-07-30 00:00:00,8218.5,8281.5,7842.0,8174.5,2450360315.0,2613279704.0,-162919389.0
2018-07-31 00:00:00,8174.5,8174.5,7625.0,7727.0,2672645639.0,3138628071.0,-465982432.0
2018-08-01 00:00:00,7727.0,7757.5,7430.0,7604.5,2115838370.0,2340932203.0,-225093833.0
2018-08-02 00:00:00,7604.5,7717.5,7455.5,7539.5,1587046336.0,1640042006.0,-52995670.0
2018-08-03 00:00:00,7539.5,7540.0,7292.5,7411.0,2006484170.0,2139887953.0,-133403783.0
2018-08-04 00:00:00,7411.0,7487.0,6881.0,7005.5,1607434442.0,1917091545.0,-309657103.0
2018-08-05 00:00:00,7005.5,7094.0,6870.5,7019.5,1440300441.0,1438540660.0,1759781.0
2018-08-06 00:00:00,7019.5,7180.0,6835.0,6931.5,1727177388.0,1812026567.0,-84849179.0
2018-08-07 00:00:00,6932.0,7144.0,6646.0,6711.5,2196673166.0,2353373901.0,-156700735.0
2018-08-08 00:00:00,6712.0,6712.0,6100.0,6274.0,2676271411.0,2916798213.0,-240526802.0
2018-08-09 00:00:00,6273.5,6640.0,6182.0,6536.0,2013232742.0,1876653408.0,136579334.0
2018-08-10 00:00:00,6536.0,6578.5,5971.0,6138.0,2132320791.0,2304510337.0,-172189546.0
2018-08-11 00:00:00,6138.0,6503.0,5970.0,6241.0,1553748069.0,1484813282.0,68934787.0
2018-08-12 00:00:00,6241.0,6499.0,6166.0,6308.5,1326839067.0,1277305318.0,49533749.0
2018-08-13 00:00:00,6308.5,6550.0,6134.0,6245.5,1471047336.0,1532360420.0,-61313084.0
2018-08-14 00:00:00,6245.5,6250.0,5860.0,6193.5,2201401145.0,2218428654.0,-17027509.0
2018-08-15 00:00:00,6193.0,6641.0,6182.0,6266.5,2735819249.0,2669139247.0,66680002.0
2018-08-16 00:00:00,6266.5,6483.0,6206.0,6305.5,1895155516.0,1871613819.0,23541697.0
2018-08-17 00:00:00,6305.5,6589.0,6285.0,6578.5,1843971580.0,1690243120.0,153728460.0
2018-08-18 00:00:00,6579.0,6617.0,6280.0,6394.0,1144283682.0,1296139433.0,-151855751.0
2018-08-19 00:00:00,6394.0,6562.0,6305.5,6487.0,1217114020.0,1065963856.0,151150164.0
2018-08-20 00:00:00,6487.5,6523.0,6210.0,6253.5,1414475705.0,1533966417.0,-119490712.0
2018-08-21 00:00:00,6253.0,6503.0,6231.5,6467.0,1574999311.0,1354312750.0,220686561.0
2018-08-22 00:00:00,6467.5,7148.0,6231.5,6352.0,1994173909.0,2123825072.0,-129651163.0
2018-08-23 00:00:00,6352.0,6578.0,6339.0,6521.0,1182520884.0,1080193591.0,102327293.0
2018-08-24 00:00:00,6521.5,6736.0,6435.0,6685.5,1356334299.0,1200213296.0,156121003.0
2018-08-25 00:00:00,6685.5,6797.5,6665.5,6727.5,1123798836.0,1033862059.0,89936777.0
2018-08-26 00:00:00,6727.5,6779.5,6570.5,6701.5,1205964642.0,1251515373.0,-45550731.0
2018-08-27 00:00:00,6701.5,6973.0,6645.5,6906.0,1339144557.0,1142539514.0,196605043.0
2018-08-28 00:00:00,6906.5,7133.0,6862.0,7076.5,1747406288.0,1606410174.0,140996114.0
2018-08-29 00:00:00,7077.0,7120.0,6870.0,7032.5,1364909199.0,1418048838.0,-53139639.0
2018-08-30 00:00:00,7033.0,7055.5,6782.5,6977.0,1827311426.0,1901993689.0,-74682263.0
2018-08-31 00:00:00,6977.0,7087.0,6880.0,7017.0,1487014507.0,1450101618.0,36912889.0
2018-09-01 00:00:00,7017.0,7298.0,7016.0,7196.5,1352278511.0,1187662423.0,164616088.0
2018-09-02 00:00:00,7196.5,7350.0,7138.0,7295.0,1751022327.0,1678816580.0,72205747.0
2018-09-03 00:00:00,7295.5,7349.5,7180.0,7259.5,1303487204.0,1286018577.0,17468627.0
2018-09-04 00:00:00,7260.0,7440.0,7235.5,7355.0,1406908763.0,1231110923.0,175797840.0
2018-09-05 00:00:00,7355.0,7387.0,6633.5,6689.0,2154767803.0,2502270369.0,-347502566.0
2018-09-06 00:00:00,6688.5,6709.0,6181.0,6487.0,2233737202.0,2225346584.0,8390618.0
2018-09-07 00:00:00,6487.0,6523.0,6323.5,6398.0,1382989419.0,1448029300.0,-65039881.0
2018-09-08 00:00:00,6398.0,6468.0,6100.0,6180.5,1008209888.0,1160944011.0,-152734123.0
2018-09-09 00:00:00,6180.5,6483.5,6140.0,6240.0,927343987.0,922251778.0,5092209.0
2018-09-10 00:00:00,6240.0,6385.0,6223.0,6300.0,1002207785.0,950574070.0,51633715.0
2018-09-11 00:00:00,6300.0,6434.5,6140.0,6278.5,1103309665.0,1105191368.0,-1881703.0
2018-09-12 00:00:00,6278.5,6345.5,6181.0,6322.0,1018761640.0,929007218.0,89754422.0
2018-09-13 00:00:00,6321.5,6530.0,6321.5,6487.5,1372463813.0,1222577609.0,149886204.0
2018-09-14 00:00:00,6487.5,6585.0,6350.0,6478.0,1253548470.0,1198427798.0,55120672.0
2018-09-15 00:00:00,6477.5,6568.0,6463.5,6515.5,613544799.0,601470209.0,12074590.0
2018-09-16 00:00:00,6516.0,6516.5,6330.5,6493.0,621585828.0,664155639.0,-42569811.0
2018-09-17 00:00:00,6493.0,6528.5,6201.0,6247.0,1182774666.0,1422664539.0,-239889873.0
2018-09-18 00:00:00,6247.0,6380.5,6226.5,6328.5,922372907.0,849600369.0,72772538.0
2018-09-19 00:00:00,6328.5,6580.0,6066.0,6384.5,1387493833.0,1434355093.0,-46861260.0
2018-09-20 00:00:00,6384.5,6520.0,6336.5,6482.0,829331705.0,786693765.0,42637940.0
2018-09-21 00:00:00,6482.0,6778.0,6481.5,6746.5,1374232785.0,1162006857.0,212225928.0
2018-09-22 00:00:00,6746.5,6830.0,6626.0,6709.0,784604595.0,826242994.0,-41638399.0
2018-09-23 00:00:00,6709.0,6779.0,6653.0,6703.0,518064460.0,499016120.0,19048340.0
2018-09-24 00:00:00,6703.5,6720.0,6555.0,6578.5,744677395.0,905330753.0,-160653358.0
2018-09-25 00:00:00,6578.5,6578.5,6311.5,6429.0,1288175237.0,1437292533.0,-149117296.0
2018-09-26 00:00:00,6429.0,6540.0,6377.0,6452.5,937596184.0,865890881.0,71705303.0
2018-09-27 00:00:00,6452.0,6759.0,6435.0,6685.5,1073592841.0,854877498.0,218715343.0
2018-09-28 00:00:00,6686.0,6789.0,6521.0,6620.0,1413431980.0,1514562354.0,-101130374.0
2018-09-29 00:00:00,6620.0,6620.5,6438.0,6581.5,857307941.0,859579333.0,-2271392.0
2018-09-30 00:00:00,6582.0,6642.5,6515.0,6598.5,605192029.0,588215963.0,16976066.0
2018-10-01 00:00:00,6598.5,6636.0,6466.0,6571.0,788086844.0,849250483.0,-61163639.0
2018-10-02 00:00:00,6571.0,6590.0,6444.5,6502.5,640281882.0,761748954.0,-121467072.0
2018-10-03 00:00:00,6503.0,6509.5,6394.0,6465.0,744660083.0,796144605.0,-51484522.0
2018-10-04 00:00:00,6464.5,6620.0,6459.0,6553.0,868879579.0,798992016.0,69887563.0
2018-10-05 00:00:00,6553.0,6658.5,6522.0,6582.0,615682737.0,540518302.0,75164435.0
2018-10-06 00:00:00,6582.0,6592.5,6531.5,6552.0,258996570.0,319201983.0,-60205413.0
2018-10-07 00:00:00,6552.0,6599.0,6488.0,6571.0,348242556.0,334915572.0,13326984.0
2018-10-08 00:00:00,6571.0,6669.0,6550.5,6607.5,659357965.0,596977309.0,62380656.0
2018-10-09 00:00:00,6607.5,6614.5,6563.0,6591.0,364131604.0,408076097.0,-43944493.0
2018-10-10 00:00:00,6591.5,6591.5,6452.0,6530.0,684812712.0,815395313.0,-130582601.0
2018-10-11 00:00:00,6530.0,6530.5,6005.0,6154.5,1562707326.0,1830449242.0,-267741916.0
2018-10-12 00:00:00,6154.5,6233.5,6100.0,6182.5,570806215.0,569812762.0,993453.0
2018-10-13 00:00:00,6182.5,6212.5,6166.0,6193.5,285834348.0,279491033.0,6343315.0
2018-10-14 00:00:00,6193.0,6300.0,6142.0,6181.5,499833981.0,503169323.0,-3335342.0
2018-10-15 00:00:00,6181.5,6818.0,6147.0,6436.5,2035635973.0,1772533239.0,263102734.0
2018-10-16 00:00:00,6436.5,6497.5,6383.0,6456.0,681402832.0,666272276.0,15130556.0
2018-10-17 00:00:00,6456.0,6458.0,6409.0,6438.5,339918360.0,371057040.0,-31138680.0
2018-10-18 00:00:00,6438.5,6488.0,6350.0,6394.5,522941135.0,590473381.0,-67532246.0
2018-10-19 00:00:00,6394.5,6405.0,6366.0,6384.0,306420471.0,314282153.0,-7861682.0
2018-10-20 00:00:00,6384.0,6425.0,6367.0,6407.5,245989546.0,222501559.0,23487987.0
2018-10-21 00:00:00,6408.0,6465.0,6405.5,6413.0,305800689.0,298331665.0,7469024.0
2018-10-22 00:00:00,6413.5,6426.0,6369.0,6412.5,333873477.0,353352570.0,-19479093.0
2018-10-23 00:00:00,6412.5,6415.5,6360.0,6395.0,308611630.0,343054946.0,-34443316.0
2018-10-24 00:00:00,6394.5,6490.0,6394.5,6412.5,438271473.0,397001085.0,41270388.0
2018-10-25 00:00:00,6412.5,6419.0,6368.0,6393.5,351210104.0,404706242.0,-53496138.0
2018-10-26 00:00:00,6393.5,6468.0,6386.5,6406.5,396300840.0,377154191.0,19146649.0
2018-10-27 00:00:00,6406.5,6419.0,6395.5,6407.0,162647695.0,157608874.0,5038821.0
2018-10-28 00:00:00,6407.0,6449.0,6382.5,6408.0,200820008.0,181360043.0,19459965.0
2018-10-29 00:00:00,6408.5,6415.5,6209.0,6266.5,621082498.0,860124123.0,-239041625.0
2018-10-30 00:00:00,6266.5,6294.0,6255.0,6272.0,314656103.0,306591276.0,8064827.0
2018-10-31 00:00:00,6272.0,6345.0,6210.0,6307.0,528740794.0,509811273.0,18929521.0
2018-11-01 00:00:00,6307.5,6370.0,6302.0,6337.0,304942836.0,222721235.0,82221601.0
2018-11-02 00:00:00,6337.0,6387.0,6328.0,6346.0,389507439.0,390309946.0,-802507.0
2018-11-03 00:00:00,6346.0,6348.5,6316.5,6332.5,186717148.0,231801095.0,-45083947.0
2018-11-04 00:00:00,6333.0,6471.0,6322.5,6427.5,622324069.0,456866715.0,165457354.0
2018-11-05 00:00:00,6427.5,6445.5,6380.0,6404.0,318314536.0,362296882.0,-43982346.0
2018-11-06 00:00:00,6404.0,6460.0,6387.0,6450.5,542595483.0,467094242.0,75501241.0
2018-11-07 00:00:00,6450.0,6568.0,6434.5,6510.5,635087577.0,564402296.0,70685281.0
2018-11-08 00:00:00,6510.5,6524.0,6372.5,6414.0,572908442.0,767477044.0,-194568602.0
2018-11-09 00:00:00,6414.0,6420.5,6310.0,6338.5,539214349.0,698920809.0,-159706460.0
2018-11-10 00:00:00,6338.0,6379.0,6334.5,6353.5,241764837.0,222149948.0,19614889.0
2018-11-11 00:00:00,6353.5,6380.0,6260.0,6361.0,361900559.0,407560834.0,-45660275.0
2018-11-12 00:00:00,6360.5,6406.0,6305.5,6337.5,473429114.0,503352660.0,-29923546.0
2018-11-13 00:00:00,6337.5,6338.0,6235.0,6249.0,592879023.0,773354761.0,-180475738.0
2018-11-14 00:00:00,6249.5,6296.0,5231.0,5586.0,2477969523.0,2687151005.0,-209181482.0
2018-11-15 00:00:00,5586.0,5639.5,5181.0,5581.0,1780614874.0,1868973182.0,-88358308.0
2018-11-16 00:00:00,5581.5,5619.0,5406.0,5511.0,835843652.0,880818250.0,-44974598.0
2018-11-17 00:00:00,5511.0,5557.0,5450.5,5501.5,429211095.0,424789879.0,4421216.0
2018-11-18 00:00:00,5501.5,5690.0,5501.5,5556.0,495979372.0,439749286.0,56230086.0
2018-11-19 00:00:00,5556.5,5557.0,4665.0,4743.0,2386902827.0,2845693767.0,-458790940.0
2018-11-20 00:00:00,4742.5,4897.0,4010.0,4348.5,3204347530.0,3284686999.0,-80339469.0
2018-11-21 00:00:00,4348.0,4654.0,4229.0,4537.0,1742679730.0,1685797322.0,56882408.0
2018-11-22 00:00:00,4537.0,4598.0,4235.5,4266.5,923697873.0,998106267.0,-74408394.0
2018-11-23 00:00:00,4266.5,4382.0,4068.0,4283.0,1319629496.0,1283201631.0,36427865.0
2018-11-24 00:00:00,4283.0,4378.0,3627.0,3768.5,1194475951.0,1249953130.0,-55477179.0
2018-11-25 00:00:00,3768.5,4120.0,3430.0,3930.5,1981022516.0,1956095933.0,24926583.0
2018-11-26 00:00:00,3930.0,4080.0,3492.0,3724.5,1846801753.0,1877929169.0,-31127416.0
2018-11-27 00:00:00,3724.5,3837.0,3563.5,3769.0,1295448443.0,1234814717.0,60633726.0
2018-11-28 00:00:00,3769.0,4357.0,3768.5,4219.0,1692749481.0,1454453904.0,238295577.0
2018-11-29 00:00:00,4219.0,4423.0,4085.0,4242.0,1290484175.0,1301930103.0,-11445928.0
2018-11-30 00:00:00,4242.0,4299.0,3860.0,3972.0,1238789396.0,1345832137.0,-107042741.0
2018-12-01 00:00:00,3972.0,4266.0,3903.5,4136.5,850771613.0,789235613.0,61536000.0
2018-12-02 00:00:00,4136.0,4270.0,4025.0,4096.5,880555045.0,907162098.0,-26607053.0
2018-12-03 00:00:00,4096.0,4118.5,3729.5,3829.5,936038191.0,1010639645.0,-74601454.0
2018-12-04 00:00:00,3829.5,4042.0,3730.0,3902.0,983702959.0,951735584.0,31967375.0
2018-12-05 00:00:00,3902.0,3917.0,3655.0,3695.5,849661972.0,925565722.0,-75903750.0
2018-12-06 00:00:00,3695.5,3843.0,3400.0,3430.5,1314266247.0,1438234081.0,-123967834.0
2018-12-07 00:00:00,3430.5,3542.0,3200.0,3369.0,1345978002.0,1401046118.0,-55068116.0
2018-12-08 00:00:00,3369.0,3500.0,3246.0,3397.0,819236566.0,821401337.0,-2164771.0
2018-12-09 00:00:00,3397.5,3630.0,3370.5,3526.5,756159858.0,699889978.0,56269880.0
2018-12-10 00:00:00,3526.5,3596.0,3350.0,3406.0,792890958.0,808597794.0,-15706836.0
2018-12-11 00:00:00,3406.0,3422.0,3281.5,3344.0,594960028.0,619612406.0,-24652378.0
2018-12-12 00:00:00,3344.5,3493.5,3321.5,3431.5,638650408.0,572775762.0,65874646.0
2018-12-13 00:00:00,3432.0,3439.0,3217.5,3257.5,679218711.0,745747446.0,-66528735.0
2018-12-14 00:00:00,3257.5,3300.0,3134.5,3193.0,761647229.0,774549664.0,-12902435.0
2018-12-15 00:00:00,3193.0,3226.0,3121.0,3183.0,501775798.0,507806913.0,-6031115.0
2018-12-16 00:00:00,3183.0,3260.0,3177.0,3189.5,509102761.0,516610104.0,-7507343.0
2018-12-17 00:00:00,3189.5,3590.0,3178.0,3495.5,1152666968.0,1003792025.0,148874943.0
2018-12-18 00:00:00,3496.0,3690.0,3435.0,3665.0,1119827395.0,1036073635.0,83753760.0
2018-12-19 00:00:00,3665.0,3916.5,3641.0,3680.0,1808019246.0,1759522402.0,48496844.0
2018-12-20 00:00:00,3679.5,4174.0,3654.5,4069.0,2060907740.0,1910183274.0,150724466.0
2018-12-21 00:00:00,4069.5,4168.0,3770.0,3841.0,1487067875.0,1553156579.0,-66088704.0
2018-12-22 00:00:00,3841.5,4007.0,3783.5,3981.0,865542642.0,813458194.0,52084448.0
2018-12-23 00:00:00,3981.0,4055.0,3903.0,3944.0,732439412.0,760391712.0,-27952300.0
2018-12-24 00:00:00,3944.0,4241.0,3943.5,4033.5,1109160570.0,1084035472.0,25125098.0
2018-12-25 00:00:00,4034.0,4043.0,3670.5,3777.0,942346111.0,1049568730.0,-107222619.0
2018-12-26 00:00:00,3777.5,3868.0,3683.0,3806.5,718503736.0,700603880.0,17899856.0
2018-12-27 00:00:00,3806.0,3842.0,3565.0,3588.0,654871154.0,731895991.0,-77024837.0
2018-12-28 00:00:00,3587.5,3960.0,3568.0,3889.5,817484011.0,724840007.0,92644004.0
2018-12-29 00:00:00,3890.0,3944.0,3650.0,3712.0,612322151.0,655117042.0,-42794891.0
2018-12-30 00:00:00,3712.0,3898.5,3671.0,3830.5,636136263.0,589399310.0,46736953.0
2018-12-31 00:00:00,3831.0,3839.5,3615.0,3693.0,458282756.0,518192818.0,-59910062.0
2019-01-01 00:00:00,3693.0,3870.0,3630.5,3824.0,476800407.0,426067624.0,50732783.0
2019-01-02 00:00:00,3824.0,3918.0,3762.0,3888.0,560681239.0,513905159.0,46776080.0
2019-01-03 00:00:00,3887.5,3891.0,3748.0,3784.0,405149544.0,475688192.0,-70538648.0
2019-01-04 00:00:00,3784.0,3850.0,3721.5,3817.0,465902282.0,441300316.0,24601966.0
2019-01-05 00:00:00,3816.5,3879.0,3767.0,3794.5,367376706.0,374836402.0,-7459696.0
2019-01-06 00:00:00,3795.0,4082.0,3750.0,4039.0,575243756.0,496894145.0,78349611.0
2019-01-07 00:00:00,4038.5,4074.0,3970.0,4005.0,458555762.0,492148721.0,-33592959.0
2019-01-08 00:00:00,4005.0,4130.0,3937.0,3995.5,643033244.0,654032034.0,-10998790.0
2019-01-09 00:00:00,3995.0,4045.0,3959.5,4001.0,445654149.0,454681759.0,-9027610.0
2019-01-10 00:00:00,4001.5,4036.0,3512.0,3622.0,731229467.0,916806293.0,-185576826.0
2019-01-11 00:00:00,3622.5,3698.0,3561.5,3631.5,505074033.0,506532028.0,-1457995.0
2019-01-12 00:00:00,3632.0,3652.0,3550.0,3613.0,257481091.0,287560307.0,-30079216.0
2019-01-13 00:00:00,3613.5,3638.0,3479.0,3513.0,377381129.0,423113978.0,-45732849.0
2019-01-14 00:00:00,3513.5,3718.0,3506.5,3663.0,509096811.0,429507060.0,79589751.0
2019-01-15 00:00:00,3663.5,3684.0,3535.0,3574.5,380983148.0,441712750.0,-60729602.0
2019-01-16 00:00:00,3575.0,3664.0,3568.0,3607.5,442752253.0,417468397.0,25283856.0
2019-01-17 00:00:00,3607.5,3660.0,3540.0,3637.0,486848194.0,456599344.0,30248850.0
2019-01-18 00:00:00,3637.0,3639.5,3571.5,3606.0,307343177.0,349085144.0,-41741967.0
2019-01-19 00:00:00,3605.5,3784.5,3605.0,3681.5,388994348.0,356716950.0,32277398.0
2019-01-20 00:00:00,3681.5,3700.0,3450.0,3535.0,477673603.0,538866759.0,-61193156.0
2019-01-21 00:00:00,3535.5,3575.0,3474.5,3529.5,377086123.0,386038225.0,-8952102.0
2019-01-22 00:00:00,3529.5,3608.5,3405.0,3578.0,579867981.0,568338722.0,11529259.0
2019-01-23 00:00:00,3578.0,3617.5,3522.0,3551.0,422197740.0,482079592.0,-59881852.0
2019-01-24 00:00:00,3551.0,3590.0,3526.5,3568.0,373568422.0,347756118.0,25812304.0
2019-01-25 00:00:00,3568.0,3577.0,3501.0,3560.5,375259933.0,394930746.0,-19670813.0
2019-01-26 00:00:00,3560.5,3672.5,3530.0,3554.5,407748490.0,417019905.0,-9271415.0
2019-01-27 00:00:00,3555.0,3558.5,3462.5,3527.5,367411253.0,424120422.0,-56709169.0
2019-01-28 00:00:00,3528.0,3530.0,3370.0,3428.0,770218865.0,830765050.0,-60546185.0
2019-01-29 00:00:00,3428.5,3435.5,3343.0,3391.0,477183840.0,517984847.0,-40801007.0
2019-01-30 00:00:00,3391.0,3460.0,3372.5,3434.0,497034973.0,433929419.0,63105554.0
2019-01-31 00:00:00,3434.5,3473.0,3392.5,3413.5,355588900.0,387439451.0,-31850551.0
2019-02-01 00:00:00,3413.5,3460.0,3374.5,3435.5,464086074.0,415772259.0,48313815.0
2019-02-02 00:00:00,3435.5,3484.5,3414.0,3464.0,394062454.0,334857198.0,59205256.0
2019-02-03 00:00:00,3464.0,3470.5,3382.5,3414.0,338957264.0,424322812.0,-85365548.0
2019-02-04 00:00:00,3413.5,3435.0,3394.0,3406.5,282057455.0,272926040.0,9131415.0
2019-02-05 00:00:00,3407.0,3430.0,3396.0,3428.5,224559600.0,211011129.0,13548471.0
2019-02-06 00:00:00,3429.0,3446.0,3330.0,3365.5,431641398.0,498290463.0,-66649065.0
2019-02-07 00:00:00,3365.5,3378.5,3350.5,3357.0,157247704.0,176025567.0,-18777863.0
2019-02-08 00:00:00,3357.0,3728.0,3341.0,3626.0,995394934.0,760154322.0,235240612.0
2019-02-09 00:00:00,3626.0,3642.5,3595.0,3626.0,344161081.0,320515431.0,23645650.0
2019-02-10 00:00:00,3626.5,3660.0,3575.0,3648.0,376940167.0,355374521.0,21565646.0
2019-02-11 00:00:00,3648.5,3652.5,3575.5,3591.0,346198294.0,398530538.0,-52332244.0
2019-02-12 00:00:00,3591.0,3618.0,3550.0,3587.5,437399503.0,432929479.0,4470024.0
2019-02-13 00:00:00,3587.5,3632.0,3562.5,3577.0,326657127.0,322557330.0,4099797.0
2019-02-14 00:00:00,3576.5,3590.0,3533.0,3560.0,274567818.0,316838954.0,-42271136.0
2019-02-15 00:00:00,3560.0,3615.0,3536.5,3565.0,381150073.0,347253781.0,33896292.0
2019-02-16 00:00:00,3565.0,3609.5,3564.0,3579.5,332484882.0,294774433.0,37710449.0
2019-02-17 00:00:00,3580.0,3680.0,3553.0,3623.5,549486306.0,469747642.0,79738664.0
2019-02-18 00:00:00,3623.0,3919.0,3615.0,3867.5,1510517152.0,1362901811.0,147615341.0
2019-02-19 00:00:00,3867.5,3972.0,3838.0,3888.0,1040305619.0,1017781580.0,22524039.0
2019-02-20 00:00:00,3888.0,3958.0,3868.5,3938.5,645793642.0,602423848.0,43369794.0
2019-02-21 00:00:00,3939.0,3995.0,3863.0,3897.5,581131899.0,630780557.0,-49648658.0
2019-02-22 00:00:00,3897.5,3957.0,3886.5,3938.5,537585755.0,490638678.0,46947077.0
2019-02-23 00:00:00,3938.5,4157.5,3906.5,4111.5,945901320.0,808940819.0,136960501.0
2019-02-24 00:00:00,4111.5,4190.0,3702.0,3733.5,1147896382.0,1311070499.0,-163174117.0
2019-02-25 00:00:00,3734.0,3854.5,3730.0,3818.0,629615744.0,551655767.0,77959977.0
2019-02-26 00:00:00,3817.5,3826.0,3750.0,3797.0,418974334.0,449978064.0,-31003730.0
2019-02-27 00:00:00,3797.0,3821.5,3640.0,3798.0,568812891.0,592036892.0,-23224001.0
2019-02-28 00:00:00,3798.5,3895.0,3741.0,3788.0,569888010.0,601518058.0,-31630048.0
2019-03-01 00:00:00,3788.0,3839.0,3784.5,3802.0,290565423.0,274927209.0,15638214.0
2019-03-02 00:00:00,3802.0,3819.0,3754.0,3808.0,264591986.0,275858042.0,-11266056.0
2019-03-03 00:00:00,3808.0,3816.5,3757.0,3785.5,233531901.0,270527775.0,-36995874.0
2019-03-04 00:00:00,3785.5,3804.5,3669.0,3698.5,583126949.0,654803843.0,-71676894.0
2019-03-05 00:00:00,3699.0,3880.0,3691.0,3846.5,801390077.0,623417473.0,177972604.0
2019-03-06 00:00:00,3846.0,3901.0,3810.5,3849.0,446198384.0,410647139.0,35551245.0
2019-03-07 00:00:00,3849.0,3889.0,3828.0,3854.0,523047032.0,514276996.0,8770036.0
2019-03-08 00:00:00,3854.5,3913.5,3742.5,3840.0,591154296.0,606093443.0,-14939147.0
2019-03-09 00:00:00,3839.5,3943.0,3831.5,3916.0,677639678.0,586031804.0,91607874.0
2019-03-10 00:00:00,3916.0,3916.0,3860.0,3897.5,269484122.0,314368092.0,-44883970.0
2019-03-11 00:00:00,3898.0,3912.5,3806.0,3845.0,428898162.0,514334314.0,-85436152.0
2019-03-12 00:00:00,3845.5,3874.0,3793.5,3857.5,487926333.0,487855237.0,71096.0
2019-03-13 00:00:00,3857.0,3872.5,3825.0,3849.5,320410790.0,331528775.0,-11117985.0
2019-03-14 00:00:00,3849.5,3906.0,3750.0,3855.0,421240145.0,413974889.0,7265256.0
2019-03-15 00:00:00,3854.5,3903.5,3840.5,3897.0,411935749.0,342099754.0,69835995.0
2019-03-16 00:00:00,3897.5,4038.0,3896.0,3986.0,718264692.0,626238737.0,92025955.0
2019-03-17 00:00:00,3986.0,3987.5,3926.0,3962.0,322805578.0,357913988.0,-35108410.0
2019-03-18 00:00:00,3961.5,4014.5,3928.0,3969.0,491717429.0,485245983.0,6471446.0
2019-03-19 00:00:00,3969.0,4012.0,3945.0,3997.0,456438720.0,413246459.0,43192261.0
2019-03-20 00:00:00,3997.0,4048.5,3952.5,4029.5,594376117.0,520236189.0,74139928.0
2019-03-21 00:00:00,4029.5,4067.5,3914.5,3969.0,654658414.0,791823698.0,-137165284.0
2019-03-22 00:00:00,3969.5,3999.0,3958.0,3981.0,309602137.0,286650513.0,22951624.0
2019-03-23 00:00:00,3981.0,3999.0,3952.0,3979.5,282053941.0,293784908.0,-11730967.0
2019-03-24 00:00:00,3979.5,3979.5,3937.0,3966.5,211523284.0,248870821.0,-37347537.0
2019-03-25 00:00:00,3966.0,3972.5,3859.5,3903.5,457044758.0,592401137.0,-135356379.0
2019-03-26 00:00:00,3903.5,3920.0,3881.5,3915.5,338587858.0,290147291.0,48440567.0
2019-03-27 00:00:00,3916.0,4041.0,3910.0,4025.5,782594316.0,556792154.0,225802162.0
2019-03-28 00:00:00,4025.5,4026.0,3991.0,4009.0,265251884.0,298361066.0,-33109182.0
2019-03-29 00:00:00,4009.0,4097.5,4002.0,4086.0,840977788.0,723287938.0,117689850.0
2019-03-30 00:00:00,4085.5,4129.0,4021.0,4088.0,519273004.0,530967957.0,-11694953.0
2019-03-31 00:00:00,4088.0,4098.0,4074.0,4091.0,206110076.0,198355528.0,7754548.0
2019-04-01 00:00:00,4091.0,4144.5,4036.5,4132.5,604040610.0,590694160.0,13346450.0
2019-04-02 00:00:00,4132.5,5144.5,4128.5,4897.5,2515991445.0,2361442115.0,154549330.0
2019-04-03 00:00:00,4897.5,5348.5,4783.0,4979.0,2567745374.0,2624133936.0,-56388562.0
2019-04-04 00:00:00,4978.5,5085.5,4780.0,4910.0,1581080409.0,1647294006.0,-66213597.0
2019-04-05 00:00:00,4909.5,5073.5,4885.0,5040.0,1014658860.0,977373332.0,37285528.0
2019-04-06 00:00:00,5040.0,5245.0,4890.5,5043.0,1098769943.0,1086925513.0,11844430.0
2019-04-07 00:00:00,5042.5,5280.0,5028.0,5192.0,1126491747.0,1072540383.0,53951364.0
2019-04-08 00:00:00,5192.0,5341.0,5133.0,5285.5,1335160345.0,1313421812.0,21738533.0
2019-04-09 00:00:00,5285.5,5285.5,5140.5,5184.0,967745132.0,1064031527.0,-96286395.0
2019-04-10 00:00:00,5184.0,5474.0,5109.0,5321.5,1182177391.0,1094374375.0,87803016.0
2019-04-11 00:00:00,5321.5,5342.5,4959.0,5038.5,1106880043.0,1366364566.0,-259484523.0
2019-04-12 00:00:00,5038.0,5132.0,4923.0,5075.5,799331225.0,764579335.0,34751890.0
2019-04-13 00:00:00,5075.5,5117.0,5027.5,5066.0,446913796.0,478845475.0,-31931679.0
2019-04-14 00:00:00,5066.0,5183.5,5008.0,5160.0,538823726.0,446454718.0,92369008.0
2019-04-15 00:00:00,5160.0,5191.5,4942.0,5024.0,709151582.0,829068430.0,-119916848.0
2019-04-16 00:00:00,5024.0,5329.5,5013.0,5202.5,788344279.0,661839044.0,126505235.0
2019-04-17 00:00:00,5203.0,5291.0,5150.5,5227.0,653113411.0,645871135.0,7242276.0
2019-04-18 00:00:00,5227.0,5318.0,5222.0,5278.5,697351290.0,646253106.0,51098184.0
